2013-05-05 06:02:34,src/main/webapp/WEB-INF/pages/admin/login.jsp,55,0,1,54
2013-05-05 06:02:34,src/main/webapp/WEB-INF/pages/home.jsp,132,0,1,131
2013-05-05 06:02:34,src/main/webapp/WEB-INF/pages/include/commonMeta.jsp,5,0,1,4
2013-05-05 06:02:34,src/main/webapp/WEB-INF/pages/include/commonStyle.jsp,3,0,1,2
2013-05-05 06:02:34,src/main/webapp/WEB-INF/pages/include/footer.jsp,4,0,1,3
2013-05-05 06:02:34,src/main/webapp/WEB-INF/pages/include/header.jsp,21,0,1,20
2013-05-05 06:02:34,src/main/webapp/WEB-INF/pages/include/homeCarousel.jsp,30,3,1,26
2013-05-05 06:02:34,src/main/webapp/WEB-INF/pages/include/tweetWall.jsp,34,0,1,33
2013-05-05 06:02:34,src/main/webapp/WEB-INF/pages/occurrence/form.jsp,56,0,1,55
2013-05-05 06:02:34,src/main/webapp/WEB-INF/pages/slide/form.jsp,123,0,1,122
2013-05-05 06:02:34,src/main/webapp/WEB-INF/pages/timeline/timeline.jsp,100,0,1,99
2013-05-05 06:02:34,src/main/webapp/WEB-INF/pages/user/register.jsp,73,0,1,72
2013-03-05 03:55:10,src/main/webapp/WEB-INF/pages/admin/login.jsp,52,0,1,51
2013-03-03 14:36:20,src/main/webapp/WEB-INF/pages/admin/home.jsp,187,0,1,186
2013-03-03 14:36:20,src/main/webapp/WEB-INF/pages/configurableSlot/form.jsp,119,0,1,118
2013-03-03 14:36:20,src/main/webapp/WEB-INF/pages/configurableSlot/organize.jsp,47,0,1,46
2013-03-03 14:36:20,src/main/webapp/WEB-INF/pages/home.jsp,157,0,1,156
2013-03-03 14:36:20,src/main/webapp/WEB-INF/pages/include/commonScript.jsp,63,1,1,61
2013-03-02 21:54:04,src/main/webapp/WEB-INF/pages/channel/index.jsp,136,0,1,135
2013-03-02 21:54:04,src/main/webapp/WEB-INF/pages/event/index.jsp,53,0,1,52
2013-03-02 21:54:04,src/main/webapp/WEB-INF/pages/include/tweetWall.jsp,26,0,1,25
2013-03-02 17:15:52,src/main/webapp/WEB-INF/pages/include/commonScript.jsp,52,1,1,50
2013-03-02 02:17:33,src/main/webapp/WEB-INF/pages/user/profile.jsp,82,1,1,80
2013-02-28 02:55:37,src/main/webapp/WEB-INF/pages/include/header.jsp,32,0,1,31
2013-02-28 02:55:37,src/main/webapp/WEB-INF/pages/user/profile.jsp,82,1,1,80
2013-02-24 12:30:18,src/main/webapp/WEB-INF/pages/admin/login.jsp,52,0,1,51
2013-02-24 12:30:18,src/main/webapp/WEB-INF/pages/include/header.jsp,29,0,1,28
2013-02-19 20:44:00,src/main/webapp/WEB-INF/pages/channel/index.jsp,73,0,1,72
2013-02-19 20:44:00,src/main/webapp/WEB-INF/pages/game/form.jsp,84,0,1,83
2013-02-19 19:35:44,src/main/webapp/WEB-INF/pages/timeline/timeline.jsp,101,0,1,100
2013-02-18 16:43:34,src/main/webapp/WEB-INF/pages/admin/login.jsp,52,0,1,51
2013-02-17 11:22:04,src/main/webapp/WEB-INF/pages/admin/login.jsp,45,0,1,44
2013-02-17 11:22:04,src/main/webapp/WEB-INF/pages/user/register.jsp,69,0,1,68
2013-02-17 08:30:33,src/main/webapp/WEB-INF/pages/include/tweetWall.jsp,26,0,1,25
2013-02-17 08:01:51,src/main/webapp/WEB-INF/pages/include/tweetWall.jsp,28,0,1,27
2013-02-16 16:51:27,src/main/webapp/WEB-INF/pages/include/tweetWall.jsp,28,0,1,27
2013-02-16 16:50:21,src/main/webapp/WEB-INF/pages/timeline/timeline.jsp,100,0,1,99
2013-02-16 16:50:21,src/main/webapp/WEB-INF/pages/home.jsp,170,0,1,169
2013-02-16 16:50:21,src/main/webapp/WEB-INF/pages/include/tweetWall.jsp,28,0,1,27
2013-02-16 15:30:52,src/main/webapp/WEB-INF/pages/home.jsp,167,0,1,166
2013-02-16 13:47:57,src/main/webapp/WEB-INF/pages/include/tweetWall.jsp,29,0,1,28
2013-02-16 09:52:43,src/main/webapp/WEB-INF/pages/timeline/timeline.jsp,97,0,1,96
2013-02-16 09:17:25,src/main/webapp/WEB-INF/pages/admin/home.jsp,186,0,1,185
2013-02-16 09:17:25,src/main/webapp/WEB-INF/pages/game/form.jsp,74,0,1,73
2013-02-16 09:17:25,src/main/webapp/WEB-INF/pages/home.jsp,168,0,1,167
2013-02-16 09:17:25,src/main/webapp/WEB-INF/pages/timeline/timeline.jsp,98,0,1,97
2013-02-14 14:25:16,src/main/webapp/WEB-INF/pages/channel/index.jsp,73,0,1,72
2013-02-14 14:25:16,src/main/webapp/WEB-INF/pages/event/index.jsp,52,0,1,51
2013-02-14 14:25:16,src/main/webapp/WEB-INF/pages/include/tweetWall.jsp,12,0,1,11
2013-02-14 13:05:39,src/main/webapp/WEB-INF/pages/channel/index.jsp,72,0,1,71
2013-02-14 13:05:39,src/main/webapp/WEB-INF/pages/event/index.jsp,51,0,1,50
2013-02-14 09:46:25,src/main/webapp/WEB-INF/pages/channel/index.jsp,70,0,1,69
2013-02-14 09:46:25,src/main/webapp/WEB-INF/pages/event/index.jsp,48,0,1,47
2013-02-14 09:46:25,src/main/webapp/WEB-INF/pages/include/tweetWall.jsp,12,0,1,11
2013-02-13 13:44:26,src/main/webapp/WEB-INF/pages/channel/form.jsp,115,1,1,113
2013-02-13 13:44:26,src/main/webapp/WEB-INF/pages/channel/index.jsp,71,0,1,70
2013-02-13 13:44:26,src/main/webapp/WEB-INF/pages/channel/form.jsp,105,1,1,103
2013-02-13 13:44:26,src/main/webapp/WEB-INF/pages/channel/index.jsp,71,0,1,70
2013-02-13 13:43:23,src/main/webapp/WEB-INF/pages/admin/home.jsp,162,0,1,161
2013-02-13 11:34:00,src/main/webapp/WEB-INF/pages/event/form.jsp,95,0,1,94
2013-02-13 11:34:00,src/main/webapp/WEB-INF/pages/event/index.jsp,48,0,1,47
2013-02-13 11:05:45,src/main/webapp/WEB-INF/pages/event/index.jsp,48,0,1,47
2013-02-13 10:50:14,src/main/webapp/WEB-INF/pages/event/form.jsp,95,0,1,94
2013-02-13 10:21:41,src/main/webapp/WEB-INF/pages/event/index.jsp,48,0,1,47
2013-02-12 16:53:52,src/main/webapp/WEB-INF/pages/event/index.jsp,53,0,1,52
2013-02-12 15:22:09,src/main/webapp/WEB-INF/pages/event/form.jsp,85,0,1,84
2013-02-10 09:11:10,src/main/webapp/WEB-INF/pages/admin/home.jsp,129,0,1,128
2013-02-10 08:20:54,src/main/webapp/WEB-INF/pages/include/commonTaglib.jsp,11,0,8,3
2013-02-10 08:20:54,src/main/webapp/WEB-INF/pages/include/header.jsp,26,0,1,25
2013-02-07 00:28:39,src/main/webapp/WEB-INF/pages/admin/home.jsp,129,0,1,128
2013-02-07 00:28:39,src/main/webapp/WEB-INF/pages/admin/login.jsp,44,0,1,43
2013-02-07 00:28:39,src/main/webapp/WEB-INF/pages/channel/form.jsp,95,1,1,93
2013-02-07 00:28:39,src/main/webapp/WEB-INF/pages/channel/index.jsp,64,0,1,63
2013-02-07 00:28:39,src/main/webapp/WEB-INF/pages/event/form.jsp,75,0,1,74
2013-02-07 00:28:39,src/main/webapp/WEB-INF/pages/event/index.jsp,40,0,1,39
2013-02-07 00:28:39,src/main/webapp/WEB-INF/pages/event/list.jsp,37,0,1,36
2013-02-07 00:28:39,src/main/webapp/WEB-INF/pages/occurrence/form.jsp,58,0,1,57
2013-02-06 23:08:51,src/main/webapp/WEB-INF/pages/include/commonScript.jsp,50,1,1,48
2013-02-06 10:09:03,src/main/webapp/WEB-INF/pages/admin/home.jsp,129,0,1,128
2013-02-06 10:09:03,src/main/webapp/WEB-INF/pages/admin/login.jsp,44,0,1,43
2013-02-06 10:09:03,src/main/webapp/WEB-INF/pages/channel/form.jsp,92,1,1,90
2013-02-06 10:09:03,src/main/webapp/WEB-INF/pages/channel/index.jsp,61,0,1,60
2013-02-06 10:09:03,src/main/webapp/WEB-INF/pages/configurableSlot/form.jsp,130,0,1,129
2013-02-06 10:09:03,src/main/webapp/WEB-INF/pages/event/form.jsp,72,0,1,71
2013-02-06 10:09:03,src/main/webapp/WEB-INF/pages/event/index.jsp,37,0,1,36
2013-02-06 10:09:03,src/main/webapp/WEB-INF/pages/event/list.jsp,37,0,1,36
2013-02-06 10:09:03,src/main/webapp/WEB-INF/pages/home.jsp,164,0,1,163
2013-02-06 10:09:03,src/main/webapp/WEB-INF/pages/occurrence/form.jsp,58,0,1,57
2013-02-06 10:09:03,src/main/webapp/WEB-INF/pages/slide/form.jsp,124,0,1,123
2013-02-06 10:09:03,src/main/webapp/WEB-INF/pages/timeline/timeline.jsp,84,0,1,83
2013-02-05 20:04:02,src/main/webapp/WEB-INF/pages/home.jsp,163,0,1,162
2013-02-05 12:56:04,src/main/webapp/WEB-INF/pages/admin/home.jsp,128,0,1,127
2013-02-04 20:45:21,src/main/webapp/WEB-INF/pages/home.jsp,190,27,1,162
2013-01-27 12:37:19,src/main/webapp/WEB-INF/pages/admin/home.jsp,128,0,1,127
2013-01-27 12:37:19,src/main/webapp/WEB-INF/pages/admin/login.jsp,43,0,1,42
2013-01-27 12:37:19,src/main/webapp/WEB-INF/pages/channel/form.jsp,91,1,1,89
2013-01-27 12:37:19,src/main/webapp/WEB-INF/pages/channel/index.jsp,56,0,1,55
2013-01-27 12:37:19,src/main/webapp/WEB-INF/pages/channel/notFound.jsp,1,0,0,1
2013-01-27 12:37:19,src/main/webapp/WEB-INF/pages/configurableSlot/form.jsp,129,0,1,128
2013-01-27 12:37:19,src/main/webapp/WEB-INF/pages/event/form.jsp,71,0,1,70
2013-01-27 12:37:19,src/main/webapp/WEB-INF/pages/event/index.jsp,32,0,1,31
2013-01-27 12:37:19,src/main/webapp/WEB-INF/pages/event/list.jsp,32,0,1,31
2013-01-27 12:37:19,src/main/webapp/WEB-INF/pages/home.jsp,190,27,1,162
2013-01-27 12:37:19,src/main/webapp/WEB-INF/pages/include/commonMeta.jsp,4,0,1,3
2013-01-27 12:37:19,src/main/webapp/WEB-INF/pages/include/commonScript.jsp,44,0,1,43
2013-01-27 12:37:19,src/main/webapp/WEB-INF/pages/include/commonStyle.jsp,3,0,1,2
2013-01-27 12:37:19,src/main/webapp/WEB-INF/pages/include/commonTaglib.jsp,10,0,7,3
2013-01-27 12:37:19,src/main/webapp/WEB-INF/pages/include/footer.jsp,3,0,1,2
2013-01-27 12:37:19,src/main/webapp/WEB-INF/pages/include/header.jsp,24,0,1,23
2013-01-27 12:37:19,src/main/webapp/WEB-INF/pages/include/noIE6.jsp,20,0,0,20
2013-01-27 12:37:19,src/main/webapp/WEB-INF/pages/index.jsp,38,0,1,37
2013-01-27 12:37:19,src/main/webapp/WEB-INF/pages/occurrence/form.jsp,57,0,1,56
2013-01-27 12:37:19,src/main/webapp/WEB-INF/pages/slide/form.jsp,123,0,1,122
2013-01-27 12:37:19,src/main/webapp/WEB-INF/pages/timeline/timeline.jsp,79,0,1,78
2013-01-22 22:23:07,esporx-webapp/src/main/webapp/WEB-INF/pages/include/commonMeta.jsp,4,0,1,3
2013-01-22 21:03:01,esporx-webapp/src/main/webapp/WEB-INF/pages/admin/home.jsp,128,0,1,127
2013-01-22 21:03:01,esporx-webapp/src/main/webapp/WEB-INF/pages/admin/login.jsp,43,0,1,42
2013-01-22 21:03:01,esporx-webapp/src/main/webapp/WEB-INF/pages/channel/form.jsp,91,1,1,89
2013-01-22 21:03:01,esporx-webapp/src/main/webapp/WEB-INF/pages/channel/index.jsp,56,0,1,55
2013-01-22 21:03:01,esporx-webapp/src/main/webapp/WEB-INF/pages/configurableSlot/form.jsp,129,0,1,128
2013-01-22 21:03:01,esporx-webapp/src/main/webapp/WEB-INF/pages/event/form.jsp,71,0,1,70
2013-01-22 21:03:01,esporx-webapp/src/main/webapp/WEB-INF/pages/event/index.jsp,32,0,1,31
2013-01-22 21:03:01,esporx-webapp/src/main/webapp/WEB-INF/pages/event/list.jsp,32,0,1,31
2013-01-22 21:03:01,esporx-webapp/src/main/webapp/WEB-INF/pages/home.jsp,190,27,1,162
2013-01-22 21:03:01,esporx-webapp/src/main/webapp/WEB-INF/pages/include/header.jsp,24,0,1,23
2013-01-22 21:03:01,esporx-webapp/src/main/webapp/WEB-INF/pages/occurrence/form.jsp,57,0,1,56
2013-01-22 21:03:01,esporx-webapp/src/main/webapp/WEB-INF/pages/slide/form.jsp,123,0,1,122
2013-01-22 21:03:01,esporx-webapp/src/main/webapp/WEB-INF/pages/timeline/timeline.jsp,79,0,1,78
2013-01-22 21:01:38,esporx-webapp/src/main/webapp/WEB-INF/pages/index.jsp,38,0,1,37
2012-11-11 15:41:05,esporx-webapp/src/main/webapp/WEB-INF/pages/occurrence/form.jsp,57,0,1,56
2012-11-11 14:10:07,esporx-webapp/src/main/webapp/WEB-INF/pages/home.jsp,190,27,1,162
2012-11-11 14:10:07,esporx-webapp/src/main/webapp/WEB-INF/pages/include/commonScript.jsp,44,0,1,43
2012-11-11 14:10:07,esporx-webapp/src/main/webapp/WEB-INF/pages/include/commonTaglib.jsp,10,0,7,3
2012-11-11 13:52:15,esporx-webapp/src/main/webapp/WEB-INF/pages/home.jsp,190,27,1,162
2012-11-11 13:36:10,esporx-webapp/src/main/webapp/WEB-INF/pages/home.jsp,187,27,1,159
2012-11-11 13:36:10,esporx-webapp/src/main/webapp/WEB-INF/pages/include/commonTaglib.jsp,10,0,7,3
2012-11-11 11:44:17,esporx-webapp/src/main/webapp/WEB-INF/pages/include/commonScript.jsp,44,0,1,43
2012-11-11 10:12:26,esporx-webapp/src/main/webapp/WEB-INF/pages/home.jsp,195,27,1,167
2012-11-10 23:09:36,esporx-webapp/src/main/webapp/WEB-INF/pages/home.jsp,195,27,1,167
2012-11-07 21:41:35,esporx-webapp/src/main/webapp/WEB-INF/pages/event/index.jsp,32,0,1,31
2012-11-07 21:41:35,esporx-webapp/src/main/webapp/WEB-INF/pages/event/list.jsp,32,0,1,31
2012-11-05 21:03:47,esporx-webapp/src/main/webapp/WEB-INF/pages/include/commonTaglib.jsp,9,0,6,3
2012-11-05 21:03:47,esporx-webapp/src/main/webapp/WEB-INF/pages/timeline/timeline.jsp,79,0,1,78
2012-10-22 18:02:14,esporx-webapp/src/main/webapp/WEB-INF/pages/admin/home.jsp,122,0,1,121
2012-10-21 14:21:43,esporx-webapp/src/main/webapp/WEB-INF/pages/admin/home.jsp,122,0,1,121
2012-10-21 14:21:43,esporx-webapp/src/main/webapp/WEB-INF/pages/event/form.jsp,71,0,1,70
2012-10-21 14:21:43,esporx-webapp/src/main/webapp/WEB-INF/pages/include/commonScript.jsp,30,0,1,29
2012-10-21 14:21:43,esporx-webapp/src/main/webapp/WEB-INF/pages/occurrence/form.jsp,56,0,1,55
2012-10-21 01:01:38,esporx-webapp/src/main/webapp/WEB-INF/pages/admin/home.jsp,123,0,1,122
2012-10-21 01:01:38,esporx-webapp/src/main/webapp/WEB-INF/pages/event/form.jsp,71,0,1,70
2012-10-21 01:01:38,esporx-webapp/src/main/webapp/WEB-INF/pages/occurrence/form.jsp,56,0,1,55
2012-10-18 08:38:48,esporx-webapp/src/main/webapp/WEB-INF/pages/include/commonScript.jsp,30,0,1,29
2012-10-16 18:03:43,esporx-webapp/src/main/webapp/WEB-INF/pages/event/form.jsp,74,0,1,73
2012-10-14 18:24:18,esporx-webapp/src/main/webapp/WEB-INF/pages/admin/home.jsp,119,0,1,118
2012-10-14 18:24:18,esporx-webapp/src/main/webapp/WEB-INF/pages/admin/login.jsp,43,0,1,42
2012-10-14 18:24:18,esporx-webapp/src/main/webapp/WEB-INF/pages/channel/form.jsp,91,1,1,89
2012-10-14 18:24:18,esporx-webapp/src/main/webapp/WEB-INF/pages/configurableSlot/form.jsp,129,0,1,128
2012-10-14 18:24:18,esporx-webapp/src/main/webapp/WEB-INF/pages/event/form.jsp,98,0,1,97
2012-10-14 18:24:18,esporx-webapp/src/main/webapp/WEB-INF/pages/home.jsp,169,27,1,141
2012-10-14 18:24:18,esporx-webapp/src/main/webapp/WEB-INF/pages/include/commonScript.jsp,29,0,1,28
2012-10-14 18:24:18,esporx-webapp/src/main/webapp/WEB-INF/pages/slide/form.jsp,123,0,1,122
2012-10-06 11:45:44,esporx-webapp/src/main/webapp/WEB-INF/pages/home.jsp,145,0,1,144
2012-10-06 09:44:19,esporx-webapp/src/main/webapp/WEB-INF/pages/include/commonScript.jsp,18,0,1,17
2012-10-06 09:44:19,esporx-webapp/src/main/webapp/WEB-INF/pages/include/commonStyle.jsp,3,0,1,2
2012-10-06 09:10:00,esporx-webapp/src/main/webapp/WEB-INF/pages/admin/home.jsp,119,0,1,118
2012-10-06 09:10:00,esporx-webapp/src/main/webapp/WEB-INF/pages/admin/login.jsp,43,0,1,42
2012-10-06 09:10:00,esporx-webapp/src/main/webapp/WEB-INF/pages/channel/form.jsp,91,1,1,89
2012-10-06 09:10:00,esporx-webapp/src/main/webapp/WEB-INF/pages/configurableSlot/form.jsp,129,0,1,128
2012-10-06 09:10:00,esporx-webapp/src/main/webapp/WEB-INF/pages/event/form.jsp,98,0,1,97
2012-10-06 09:10:00,esporx-webapp/src/main/webapp/WEB-INF/pages/include/commonScript.jsp,19,0,1,18
2012-10-06 09:10:00,esporx-webapp/src/main/webapp/WEB-INF/pages/slide/form.jsp,123,0,1,122
2012-10-06 07:40:55,esporx-webapp/src/main/webapp/WEB-INF/pages/admin/home.jsp,120,0,1,119
2012-10-06 07:40:55,esporx-webapp/src/main/webapp/WEB-INF/pages/admin/login.jsp,44,0,1,43
2012-10-06 07:40:55,esporx-webapp/src/main/webapp/WEB-INF/pages/channel/form.jsp,92,1,1,90
2012-10-06 07:40:55,esporx-webapp/src/main/webapp/WEB-INF/pages/channel/index.jsp,56,0,1,55
2012-10-06 07:40:55,esporx-webapp/src/main/webapp/WEB-INF/pages/configurableSlot/form.jsp,130,0,1,129
2012-10-06 07:40:55,esporx-webapp/src/main/webapp/WEB-INF/pages/event/form.jsp,100,0,1,99
2012-10-06 07:40:55,esporx-webapp/src/main/webapp/WEB-INF/pages/event/index.jsp,38,0,1,37
2012-10-06 07:40:55,esporx-webapp/src/main/webapp/WEB-INF/pages/event/link.jsp,36,0,1,35
2012-10-06 07:40:55,esporx-webapp/src/main/webapp/WEB-INF/pages/event/list.jsp,40,0,1,39
2012-10-06 07:40:55,esporx-webapp/src/main/webapp/WEB-INF/pages/home.jsp,136,0,1,135
2012-10-06 07:40:55,esporx-webapp/src/main/webapp/WEB-INF/pages/include/commonMeta.jsp,4,0,1,3
2012-10-06 07:40:55,esporx-webapp/src/main/webapp/WEB-INF/pages/include/commonScript.jsp,17,0,1,16
2012-10-06 07:40:55,esporx-webapp/src/main/webapp/WEB-INF/pages/include/commonStyle.jsp,3,0,1,2
2012-10-06 07:40:55,esporx-webapp/src/main/webapp/WEB-INF/pages/include/commonTaglib.jsp,8,0,5,3
2012-10-06 07:40:55,esporx-webapp/src/main/webapp/WEB-INF/pages/include/footer.jsp,3,0,1,2
2012-10-06 07:40:55,esporx-webapp/src/main/webapp/WEB-INF/pages/include/header.jsp,22,0,1,21
2012-10-06 07:40:55,esporx-webapp/src/main/webapp/WEB-INF/pages/index.jsp,66,0,1,65
2012-10-06 07:40:55,esporx-webapp/src/main/webapp/WEB-INF/pages/slide/form.jsp,124,0,1,123
2012-10-06 07:40:55,esporx-webapp/src/main/webapp/WEB-INF/pages/timeline/timeline.jsp,86,0,1,85
2012-09-17 16:24:07,esporx-webapp/src/main/webapp/WEB-INF/pages/channel/form.jsp,101,0,1,100
2012-09-02 09:17:38,esporx-webapp/src/main/webapp/WEB-INF/pages/channel/form.jsp,100,0,1,99
2012-09-02 09:17:38,esporx-webapp/src/main/webapp/WEB-INF/pages/event/form.jsp,107,0,1,106
2012-07-02 15:46:46,esporx-webapp/src/main/webapp/WEB-INF/pages/index.jsp,75,0,1,74
2012-07-01 13:36:07,esporx-webapp/src/main/webapp/WEB-INF/pages/index.jsp,75,0,1,74
2012-07-01 13:18:01,esporx-webapp/src/main/webapp/WEB-INF/pages/index.jsp,75,0,1,74
2012-07-01 11:23:28,esporx-webapp/src/main/webapp/index.jsp,80,0,3,77
2012-07-01 10:41:59,esporx-webapp/src/main/webapp/index.jsp,78,0,4,74
2012-06-30 14:03:12,esporx-webapp/src/main/webapp/WEB-INF/pages/admin/home.jsp,127,0,1,126
2012-06-30 14:03:12,esporx-webapp/src/main/webapp/WEB-INF/pages/channel/form.jsp,100,0,1,99
2012-06-30 14:03:12,esporx-webapp/src/main/webapp/WEB-INF/pages/channel/index.jsp,64,0,1,63
2012-06-30 14:03:12,esporx-webapp/src/main/webapp/WEB-INF/pages/channel/list.jsp,65,1,1,63
2012-06-30 14:03:12,esporx-webapp/src/main/webapp/WEB-INF/pages/channel/notFound.jsp,1,0,0,1
2012-06-30 14:03:12,esporx-webapp/src/main/webapp/WEB-INF/pages/configurableSlot/form.jsp,140,0,1,139
2012-06-30 14:03:12,esporx-webapp/src/main/webapp/WEB-INF/pages/event/index.jsp,53,0,1,52
2012-06-30 14:03:12,esporx-webapp/src/main/webapp/WEB-INF/pages/event/link.jsp,51,0,1,50
2012-06-30 14:03:12,esporx-webapp/src/main/webapp/WEB-INF/pages/event/list.jsp,55,0,1,54
2012-06-30 14:03:12,esporx-webapp/src/main/webapp/WEB-INF/pages/home.jsp,164,0,1,163
2012-06-30 14:03:12,esporx-webapp/src/main/webapp/WEB-INF/pages/slide/form.jsp,131,0,1,130
2012-06-30 14:03:12,esporx-webapp/src/main/webapp/WEB-INF/pages/timeline/timeline.jsp,105,0,1,104
2012-06-01 22:29:21,esporx-webapp/src/main/webapp/WEB-INF/pages/header.jsp,22,0,1,21
2012-06-01 22:25:38,esporx-webapp/src/main/webapp/WEB-INF/pages/admin/home.jsp,127,0,1,126
2012-06-01 22:25:38,esporx-webapp/src/main/webapp/WEB-INF/pages/admin/login.jsp,47,0,1,46
2012-06-01 22:25:38,esporx-webapp/src/main/webapp/WEB-INF/pages/cast/form.jsp,125,0,1,124
2012-06-01 22:25:38,esporx-webapp/src/main/webapp/WEB-INF/pages/cast/index.jsp,64,0,1,63
2012-06-01 22:25:38,esporx-webapp/src/main/webapp/WEB-INF/pages/cast/list.jsp,65,1,1,63
2012-06-01 22:25:38,esporx-webapp/src/main/webapp/WEB-INF/pages/configurableSlot/form.jsp,140,0,1,139
2012-06-01 22:25:38,esporx-webapp/src/main/webapp/WEB-INF/pages/event/form.jsp,102,0,1,101
2012-06-01 22:25:38,esporx-webapp/src/main/webapp/WEB-INF/pages/event/index.jsp,53,0,1,52
2012-06-01 22:25:38,esporx-webapp/src/main/webapp/WEB-INF/pages/event/link.jsp,51,0,1,50
2012-06-01 22:25:38,esporx-webapp/src/main/webapp/WEB-INF/pages/event/list.jsp,55,0,1,54
2012-06-01 22:25:38,esporx-webapp/src/main/webapp/WEB-INF/pages/home.jsp,164,0,1,163
2012-06-01 22:25:38,esporx-webapp/src/main/webapp/WEB-INF/pages/slide/form.jsp,131,0,1,130
2012-06-01 22:25:38,esporx-webapp/src/main/webapp/WEB-INF/pages/timeline/timeline.jsp,105,0,1,104
2012-06-01 21:40:35,esporx-webapp/src/main/webapp/WEB-INF/pages/home.jsp,163,0,1,162
2012-05-31 18:27:43,esporx-webapp/src/main/webapp/WEB-INF/pages/home.jsp,162,0,1,161
2012-05-20 12:46:21,esporx-webapp/src/main/webapp/WEB-INF/pages/home.jsp,160,0,1,159
2012-05-20 12:16:15,esporx-webapp/src/main/webapp/WEB-INF/pages/timeline/timeline.jsp,104,0,1,103
2012-05-20 12:14:54,esporx-webapp/src/main/webapp/WEB-INF/pages/timeline/timeline.jsp,104,0,1,103
2012-05-20 11:33:14,esporx-webapp/src/main/webapp/WEB-INF/pages/admin/home.jsp,131,0,1,130
2012-05-20 11:33:14,esporx-webapp/src/main/webapp/WEB-INF/pages/admin/login.jsp,46,0,1,45
2012-05-20 11:33:14,esporx-webapp/src/main/webapp/WEB-INF/pages/cast/form.jsp,124,0,1,123
2012-05-20 11:33:14,esporx-webapp/src/main/webapp/WEB-INF/pages/cast/index.jsp,63,0,1,62
2012-05-20 11:33:14,esporx-webapp/src/main/webapp/WEB-INF/pages/cast/list.jsp,64,1,1,62
2012-05-20 11:33:14,esporx-webapp/src/main/webapp/WEB-INF/pages/configurableSlot/form.jsp,139,0,1,138
2012-05-20 11:33:14,esporx-webapp/src/main/webapp/WEB-INF/pages/event/form.jsp,101,0,1,100
2012-05-20 11:33:14,esporx-webapp/src/main/webapp/WEB-INF/pages/event/index.jsp,52,0,1,51
2012-05-20 11:33:14,esporx-webapp/src/main/webapp/WEB-INF/pages/event/link.jsp,50,0,1,49
2012-05-20 11:33:14,esporx-webapp/src/main/webapp/WEB-INF/pages/event/list.jsp,54,0,1,53
2012-05-20 11:33:14,esporx-webapp/src/main/webapp/WEB-INF/pages/home.jsp,160,0,1,159
2012-05-20 11:33:14,esporx-webapp/src/main/webapp/WEB-INF/pages/slide/form.jsp,130,0,1,129
2012-05-20 11:33:14,esporx-webapp/src/main/webapp/WEB-INF/pages/timeline/timeline.jsp,102,0,1,101
2012-05-20 11:32:59,esporx-webapp/src/main/webapp/WEB-INF/pages/home.jsp,158,0,1,157
2012-05-20 11:20:52,esporx-webapp/src/main/webapp/WEB-INF/pages/event/form.jsp,101,0,1,100
2012-05-20 11:20:52,esporx-webapp/src/main/webapp/WEB-INF/pages/event/list.jsp,54,0,1,53
2012-05-20 11:20:52,esporx-webapp/src/main/webapp/WEB-INF/pages/timeline/timeline.jsp,102,0,1,101
2012-05-20 11:20:44,esporx-webapp/src/main/webapp/WEB-INF/pages/admin/home.jsp,131,0,1,130
2012-05-20 11:20:44,esporx-webapp/src/main/webapp/WEB-INF/pages/admin/login.jsp,46,0,1,45
2012-05-20 11:20:44,esporx-webapp/src/main/webapp/WEB-INF/pages/cast/form.jsp,124,0,1,123
2012-05-20 11:20:44,esporx-webapp/src/main/webapp/WEB-INF/pages/cast/index.jsp,63,0,1,62
2012-05-20 11:20:44,esporx-webapp/src/main/webapp/WEB-INF/pages/cast/list.jsp,64,1,1,62
2012-05-20 11:20:44,esporx-webapp/src/main/webapp/WEB-INF/pages/configurableSlot/form.jsp,139,0,1,138
2012-05-20 11:20:44,esporx-webapp/src/main/webapp/WEB-INF/pages/event/form.jsp,89,0,1,88
2012-05-20 11:20:44,esporx-webapp/src/main/webapp/WEB-INF/pages/event/index.jsp,52,0,1,51
2012-05-20 11:20:44,esporx-webapp/src/main/webapp/WEB-INF/pages/event/link.jsp,50,0,1,49
2012-05-20 11:20:44,esporx-webapp/src/main/webapp/WEB-INF/pages/event/list.jsp,54,0,1,53
2012-05-20 11:20:44,esporx-webapp/src/main/webapp/WEB-INF/pages/home.jsp,160,0,1,159
2012-05-20 11:20:44,esporx-webapp/src/main/webapp/WEB-INF/pages/slide/form.jsp,130,0,1,129
2012-05-20 11:20:44,esporx-webapp/src/main/webapp/WEB-INF/pages/timeline/timeline.jsp,100,0,1,99
2012-05-20 10:47:41,esporx-webapp/src/main/webapp/WEB-INF/pages/event/form.jsp,99,0,1,98
2012-05-20 10:47:41,esporx-webapp/src/main/webapp/WEB-INF/pages/event/list.jsp,52,0,1,51
2012-05-20 10:47:41,esporx-webapp/src/main/webapp/WEB-INF/pages/timeline/timeline.jsp,100,0,1,99
2012-05-20 08:36:14,esporx-webapp/src/main/webapp/WEB-INF/pages/home.jsp,158,0,1,157
2012-05-20 07:43:47,esporx-webapp/src/main/webapp/WEB-INF/pages/event/list.jsp,52,0,1,51
2012-05-20 07:43:47,esporx-webapp/src/main/webapp/WEB-INF/pages/timeline/timeline.jsp,98,0,1,97
2012-05-19 15:14:50,esporx-webapp/src/main/webapp/WEB-INF/pages/event/list.jsp,49,0,1,48
2012-05-19 14:46:29,esporx-webapp/src/main/webapp/WEB-INF/pages/header.jsp,22,0,1,21
2012-05-19 14:46:17,esporx-webapp/src/main/webapp/WEB-INF/pages/admin/home.jsp,145,0,1,144
2012-05-19 14:38:29,esporx-webapp/src/main/webapp/WEB-INF/pages/header.jsp,22,0,1,21
2012-05-19 14:26:11,esporx-webapp/src/main/webapp/WEB-INF/pages/admin/home.jsp,136,0,1,135
2012-05-19 14:16:59,esporx-webapp/src/main/webapp/WEB-INF/pages/admin/home.jsp,136,0,1,135
2012-05-19 13:40:47,esporx-webapp/src/main/webapp/WEB-INF/pages/cast/form.jsp,122,0,1,121
2012-05-19 12:31:51,esporx-webapp/src/main/webapp/WEB-INF/pages/home.jsp,156,0,1,155
2012-05-19 11:00:40,esporx-webapp/src/main/webapp/WEB-INF/pages/cast/form.jsp,110,0,1,109
2012-05-19 11:00:40,esporx-webapp/src/main/webapp/WEB-INF/pages/configurableSlot/form.jsp,137,0,1,136
2012-05-19 11:00:40,esporx-webapp/src/main/webapp/WEB-INF/pages/event/form.jsp,87,0,1,86
2012-05-19 11:00:40,esporx-webapp/src/main/webapp/WEB-INF/pages/event/index.jsp,50,0,1,49
2012-05-19 11:00:40,esporx-webapp/src/main/webapp/WEB-INF/pages/event/list.jsp,51,0,1,50
2012-05-19 11:00:40,esporx-webapp/src/main/webapp/WEB-INF/pages/header.jsp,30,0,1,29
2012-05-19 11:00:40,esporx-webapp/src/main/webapp/WEB-INF/pages/home.jsp,156,0,1,155
2012-05-19 11:00:40,esporx-webapp/src/main/webapp/WEB-INF/pages/slide/form.jsp,128,0,1,127
2012-05-19 10:35:26,esporx-webapp/src/main/webapp/WEB-INF/pages/configurableSlot/form.jsp,137,0,1,136
2012-05-19 10:35:26,esporx-webapp/src/main/webapp/WEB-INF/pages/header.jsp,30,0,1,29
2012-05-19 10:35:26,esporx-webapp/src/main/webapp/WEB-INF/pages/home.jsp,156,0,1,155
2012-05-19 10:35:21,esporx-webapp/src/main/webapp/WEB-INF/pages/cast/form.jsp,110,0,1,109
2012-05-19 10:35:21,esporx-webapp/src/main/webapp/WEB-INF/pages/configurableSlot/form.jsp,126,0,1,125
2012-05-19 10:35:21,esporx-webapp/src/main/webapp/WEB-INF/pages/event/form.jsp,87,0,1,86
2012-05-19 10:35:21,esporx-webapp/src/main/webapp/WEB-INF/pages/event/index.jsp,50,0,1,49
2012-05-19 10:35:21,esporx-webapp/src/main/webapp/WEB-INF/pages/event/list.jsp,51,0,1,50
2012-05-19 10:35:21,esporx-webapp/src/main/webapp/WEB-INF/pages/home.jsp,156,0,1,155
2012-05-19 10:35:21,esporx-webapp/src/main/webapp/WEB-INF/pages/slide/form.jsp,128,0,1,127
2012-05-19 10:24:21,esporx-webapp/src/main/webapp/WEB-INF/pages/header.jsp,30,0,1,29
2012-05-19 10:22:52,esporx-webapp/src/main/webapp/WEB-INF/pages/configurableSlot/form.jsp,136,0,1,135
2012-05-19 10:22:52,esporx-webapp/src/main/webapp/WEB-INF/pages/home.jsp,156,0,1,155
2012-05-19 09:44:42,esporx-webapp/src/main/webapp/WEB-INF/pages/cast/form.jsp,117,3,1,113
2012-05-19 09:39:40,esporx-webapp/src/main/webapp/WEB-INF/pages/cast/form.jsp,117,3,1,113
2012-05-19 09:25:03,esporx-webapp/src/main/webapp/WEB-INF/pages/header.jsp,29,0,1,28
2012-05-19 07:55:06,esporx-webapp/src/main/webapp/WEB-INF/pages/cast/form.jsp,112,0,1,111
2012-05-19 07:49:55,esporx-webapp/src/main/webapp/WEB-INF/pages/cast/form.jsp,112,0,1,111
2012-05-19 07:30:15,esporx-webapp/src/main/webapp/WEB-INF/pages/event/form.jsp,85,0,1,84
2012-05-19 06:50:27,esporx-webapp/src/main/webapp/WEB-INF/pages/cast/list.jsp,62,1,1,60
2012-05-19 06:40:49,esporx-webapp/src/main/webapp/WEB-INF/pages/cast/form.jsp,106,0,1,105
2012-05-19 06:40:49,esporx-webapp/src/main/webapp/WEB-INF/pages/cast/index.jsp,61,0,1,60
2012-05-19 05:58:42,esporx-webapp/src/main/webapp/WEB-INF/pages/admin/login.jsp,44,0,1,43
2012-05-17 19:11:46,esporx-webapp/src/main/webapp/WEB-INF/pages/admin/home.jsp,125,0,1,124
2012-05-17 19:11:46,esporx-webapp/src/main/webapp/WEB-INF/pages/admin/login.jsp,47,0,1,46
2012-05-17 19:11:46,esporx-webapp/src/main/webapp/WEB-INF/pages/cast/form.jsp,106,0,1,105
2012-05-17 19:11:46,esporx-webapp/src/main/webapp/WEB-INF/pages/cast/index.jsp,61,0,1,60
2012-05-17 19:11:46,esporx-webapp/src/main/webapp/WEB-INF/pages/cast/list.jsp,61,0,1,60
2012-05-17 19:11:46,esporx-webapp/src/main/webapp/WEB-INF/pages/configurableSlot/form.jsp,125,0,1,124
2012-05-17 19:11:46,esporx-webapp/src/main/webapp/WEB-INF/pages/event/form.jsp,85,0,1,84
2012-05-17 19:11:46,esporx-webapp/src/main/webapp/WEB-INF/pages/event/index.jsp,50,0,1,49
2012-05-17 19:11:46,esporx-webapp/src/main/webapp/WEB-INF/pages/event/link.jsp,48,0,1,47
2012-05-17 19:11:46,esporx-webapp/src/main/webapp/WEB-INF/pages/event/list.jsp,54,0,1,53
2012-05-17 19:11:46,esporx-webapp/src/main/webapp/WEB-INF/pages/home.jsp,156,0,1,155
2012-05-17 19:11:46,esporx-webapp/src/main/webapp/WEB-INF/pages/slide/form.jsp,130,1,1,128
2012-05-17 19:11:46,esporx-webapp/src/main/webapp/WEB-INF/pages/timeline/timeline.jsp,99,0,1,98
2012-05-17 15:16:54,esporx-webapp/src/main/webapp/WEB-INF/pages/admin/home.jsp,123,0,1,122
2012-05-17 15:16:54,esporx-webapp/src/main/webapp/WEB-INF/pages/cast/list.jsp,56,0,1,55
2012-05-17 15:16:54,esporx-webapp/src/main/webapp/WEB-INF/pages/configurableSlot/form.jsp,123,0,1,122
2012-05-17 15:16:54,esporx-webapp/src/main/webapp/WEB-INF/pages/header.jsp,29,0,1,28
2012-05-17 15:16:54,esporx-webapp/src/main/webapp/WEB-INF/pages/home.jsp,156,0,1,155
2012-05-17 15:16:54,esporx-webapp/src/main/webapp/WEB-INF/pages/include/noIE6.jsp,20,0,0,20
2012-05-15 19:23:37,esporx-webapp/src/main/webapp/WEB-INF/pages/configurableSlot/form.jsp,132,0,1,131
2012-05-08 18:18:24,esporx-webapp/src/main/webapp/WEB-INF/pages/timeline/timeline.jsp,124,0,1,123
2012-05-08 17:22:39,esporx-webapp/src/main/webapp/WEB-INF/pages/header.jsp,28,0,1,27
2012-05-08 17:22:39,esporx-webapp/src/main/webapp/WEB-INF/pages/timeline/timeline.jsp,117,0,1,116
2012-04-26 19:30:52,esporx-webapp/src/main/webapp/WEB-INF/pages/admin/home.jsp,138,0,1,137
2012-04-26 19:21:52,esporx-webapp/src/main/webapp/WEB-INF/pages/admin/home.jsp,105,0,1,104
2012-04-26 15:41:57,esporx-webapp/src/main/webapp/WEB-INF/pages/admin/home.jsp,102,0,1,101
2012-04-25 15:20:24,esporx-webapp/src/main/webapp/WEB-INF/pages/admin/login.jsp,53,0,1,52
2012-04-24 20:23:19,esporx-webapp/src/main/webapp/WEB-INF/pages/home.jsp,181,0,1,180
2012-04-24 20:00:20,esporx-webapp/src/main/webapp/WEB-INF/pages/home.jsp,155,0,1,154
2012-04-10 14:56:00,esporx-webapp/src/main/webapp/WEB-INF/pages/admin/home.jsp,102,0,1,101
2012-04-10 14:56:00,esporx-webapp/src/main/webapp/WEB-INF/pages/admin/login.jsp,55,0,1,54
2012-04-10 14:56:00,esporx-webapp/src/main/webapp/WEB-INF/pages/cast/form.jsp,112,0,1,111
2012-04-10 14:56:00,esporx-webapp/src/main/webapp/WEB-INF/pages/cast/index.jsp,56,0,1,55
2012-04-10 14:56:00,esporx-webapp/src/main/webapp/WEB-INF/pages/cast/list.jsp,57,0,1,56
2012-04-10 14:56:00,esporx-webapp/src/main/webapp/WEB-INF/pages/cast/notFound.jsp,1,0,0,1
2012-04-10 14:56:00,esporx-webapp/src/main/webapp/WEB-INF/pages/configurableSlot/form.jsp,108,0,1,107
2012-04-10 14:56:00,esporx-webapp/src/main/webapp/WEB-INF/pages/event/form.jsp,83,0,1,82
2012-04-10 14:56:00,esporx-webapp/src/main/webapp/WEB-INF/pages/event/index.jsp,48,0,1,47
2012-04-10 14:56:00,esporx-webapp/src/main/webapp/WEB-INF/pages/event/link.jsp,46,0,1,45
2012-04-10 14:56:00,esporx-webapp/src/main/webapp/WEB-INF/pages/event/list.jsp,52,0,1,51
2012-04-10 14:56:00,esporx-webapp/src/main/webapp/WEB-INF/pages/footer.jsp,3,0,1,2
2012-04-10 14:56:00,esporx-webapp/src/main/webapp/WEB-INF/pages/header.jsp,28,0,1,27
2012-04-10 14:56:00,esporx-webapp/src/main/webapp/WEB-INF/pages/home.jsp,154,0,1,153
2012-04-10 14:56:00,esporx-webapp/src/main/webapp/WEB-INF/pages/include/common.jsp,8,0,5,3
2012-04-10 14:56:00,esporx-webapp/src/main/webapp/WEB-INF/pages/registration/form.jsp,22,0,1,21
2012-04-10 14:56:00,esporx-webapp/src/main/webapp/WEB-INF/pages/registration/individual.jsp,4,0,1,3
2012-04-10 14:56:00,esporx-webapp/src/main/webapp/WEB-INF/pages/registration/organization.jsp,4,0,1,3
2012-04-10 14:56:00,esporx-webapp/src/main/webapp/WEB-INF/pages/slide/form.jsp,127,1,1,125
2012-04-10 14:56:00,esporx-webapp/src/main/webapp/WEB-INF/pages/timeline/timeline.jsp,242,0,1,241
2012-04-10 14:56:00,esporx-webapp/src/main/webapp/index.jsp,77,0,3,74
