2012-09-13 09:05:57,src/main/webapp/WEB-INF/view/home.jsp,112,0,3,109
2012-09-13 08:15:59,src/main/webapp/WEB-INF/view/questionDetail.jsp,156,0,6,150
2012-09-13 08:14:53,src/main/webapp/WEB-INF/view/home.jsp,108,0,3,105
2012-09-13 06:48:32,src/main/webapp/WEB-INF/view/questionDetail.jsp,156,0,6,150
2012-09-13 05:17:09,src/main/webapp/WEB-INF/view/login.jsp,88,0,3,85
2012-09-13 04:43:58,src/main/webapp/WEB-INF/view/questionDetail.jsp,156,0,6,150
2012-09-13 04:43:58,src/main/webapp/WEB-INF/view/registerHeader.jsp,39,0,1,38
2012-09-13 02:59:22,src/main/webapp/WEB-INF/view/questionDetail.jsp,155,0,6,149
2012-09-13 02:59:22,src/main/webapp/WEB-INF/view/questionWithTag.jsp,88,0,3,85
2012-09-13 01:20:24,src/main/webapp/WEB-INF/view/questionDetail.jsp,155,0,6,149
2012-09-13 01:20:24,src/main/webapp/WEB-INF/view/questionWithTag.jsp,87,0,3,84
2012-09-13 01:11:25,src/main/webapp/WEB-INF/view/questionWithTag.jsp,87,0,3,84
2012-09-13 00:48:17,src/main/webapp/WEB-INF/view/questionDetail.jsp,155,0,6,149
2012-09-12 06:57:48,src/main/webapp/WEB-INF/view/home.jsp,105,0,3,102
2012-09-12 06:57:48,src/main/webapp/WEB-INF/view/questionDetail.jsp,153,0,6,147
2012-09-12 06:55:46,src/main/webapp/WEB-INF/view/home.jsp,105,0,3,102
2012-09-12 06:55:46,src/main/webapp/WEB-INF/view/questionDetail.jsp,153,0,6,147
2012-09-12 06:49:47,src/main/webapp/WEB-INF/view/home.jsp,105,0,3,102
2012-09-12 03:21:06,src/main/webapp/WEB-INF/view/questionDetail.jsp,152,0,6,146
2012-09-12 03:20:10,src/main/webapp/WEB-INF/view/home.jsp,103,0,3,100
2012-09-12 03:20:10,src/main/webapp/WEB-INF/view/login.jsp,88,0,3,85
2012-09-12 03:20:10,src/main/webapp/WEB-INF/view/questionDetail.jsp,149,0,5,144
2012-09-12 03:20:10,src/main/webapp/WEB-INF/view/registerHeader.jsp,39,0,1,38
2012-09-12 03:02:45,src/main/webapp/WEB-INF/view/questionDetail.jsp,152,0,6,146
2012-09-12 02:44:54,src/main/webapp/WEB-INF/view/questionDetail.jsp,148,0,5,143
2012-09-12 02:44:04,src/main/webapp/WEB-INF/view/questionDetail.jsp,148,0,5,143
2012-09-12 01:56:08,src/main/webapp/WEB-INF/view/questionDetail.jsp,149,0,5,144
2012-09-12 01:13:31,src/main/webapp/WEB-INF/view/questionDetail.jsp,149,0,5,144
2012-09-12 01:13:31,src/main/webapp/WEB-INF/view/questionDetail.jsp,148,0,5,143
2012-09-11 10:56:22,src/main/webapp/WEB-INF/view/login.jsp,88,0,3,85
2012-09-11 10:56:22,src/main/webapp/WEB-INF/view/questionDetail.jsp,149,0,5,144
2012-09-11 10:56:22,src/main/webapp/WEB-INF/view/registerHeader.jsp,39,0,1,38
2012-09-11 08:38:58,src/main/webapp/WEB-INF/view/home.jsp,103,0,3,100
2012-09-11 08:14:06,src/main/webapp/WEB-INF/view/questionDetail.jsp,149,0,5,144
2012-09-11 08:01:58,src/main/webapp/WEB-INF/view/questionDetail.jsp,149,0,5,144
2012-09-11 08:01:47,src/main/webapp/WEB-INF/view/questionDetail.jsp,148,0,5,143
2012-09-11 07:55:23,src/main/webapp/WEB-INF/view/questionDetail.jsp,149,0,5,144
2012-09-11 07:53:45,src/main/webapp/WEB-INF/view/adminDashboard.jsp,47,0,3,44
2012-09-11 07:53:45,src/main/webapp/WEB-INF/view/home.jsp,98,0,3,95
2012-09-11 07:53:45,src/main/webapp/WEB-INF/view/login.jsp,88,0,3,85
2012-09-11 07:53:45,src/main/webapp/WEB-INF/view/questionDetail.jsp,148,0,5,143
2012-09-11 07:53:45,src/main/webapp/WEB-INF/view/registerHeader.jsp,39,0,1,38
2012-09-11 07:44:43,src/main/webapp/WEB-INF/view/adminDashboard.jsp,47,0,3,44
2012-09-11 07:44:43,src/main/webapp/WEB-INF/view/home.jsp,98,0,3,95
2012-09-11 07:44:43,src/main/webapp/WEB-INF/view/login.jsp,88,0,3,85
2012-09-11 07:44:43,src/main/webapp/WEB-INF/view/questionDetail.jsp,148,0,5,143
2012-09-11 07:44:43,src/main/webapp/WEB-INF/view/registerHeader.jsp,39,0,1,38
2012-09-11 07:32:44,src/main/webapp/WEB-INF/view/home.jsp,98,0,3,95
2012-09-11 07:32:44,src/main/webapp/WEB-INF/view/login.jsp,88,0,3,85
2012-09-11 07:32:44,src/main/webapp/WEB-INF/view/registerHeader.jsp,39,0,1,38
2012-09-11 07:32:43,src/main/webapp/WEB-INF/view/adminDashboard.jsp,47,0,3,44
2012-09-11 07:32:43,src/main/webapp/WEB-INF/view/login.jsp,88,0,3,85
2012-09-11 07:32:43,src/main/webapp/WEB-INF/view/questionDetail.jsp,148,0,5,143
2012-09-11 05:54:31,src/main/webapp/WEB-INF/view/home.jsp,98,0,3,95
2012-09-11 05:47:35,src/main/webapp/WEB-INF/view/home.jsp,101,0,3,98
2012-09-11 05:47:35,src/main/webapp/WEB-INF/view/login.jsp,86,0,3,83
2012-09-11 05:47:35,src/main/webapp/WEB-INF/view/questionDetail.jsp,148,0,5,143
2012-09-11 01:16:10,src/main/webapp/WEB-INF/view/home.jsp,97,0,3,94
2012-09-11 01:16:10,src/main/webapp/WEB-INF/view/login.jsp,88,0,3,85
2012-09-10 10:12:59,src/main/webapp/WEB-INF/view/login.jsp,88,0,3,85
2012-09-10 10:12:59,src/main/webapp/WEB-INF/view/postQuestion.jsp,94,0,4,90
2012-09-10 10:12:59,src/main/webapp/WEB-INF/view/questionDetail.jsp,146,0,5,141
2012-09-10 05:49:54,src/main/webapp/WEB-INF/view/postQuestion.jsp,94,0,4,90
2012-09-10 05:49:54,src/main/webapp/WEB-INF/view/rightPane.jsp,16,0,1,15
2012-09-10 04:28:52,src/main/webapp/WEB-INF/view/adminDashboard.jsp,49,0,3,46
2012-09-10 03:46:22,src/main/webapp/WEB-INF/view/adminDashboard.jsp,56,0,3,53
2012-09-10 03:46:22,src/main/webapp/WEB-INF/view/home.jsp,97,0,3,94
2012-09-10 03:34:37,src/main/webapp/WEB-INF/view/home.jsp,97,0,3,94
2012-09-10 03:31:55,src/main/webapp/WEB-INF/view/home.jsp,97,0,3,94
2012-09-10 03:31:55,src/main/webapp/WEB-INF/view/postQuestion.jsp,94,0,4,90
2012-09-10 03:31:55,src/main/webapp/WEB-INF/view/questionDetail.jsp,144,0,5,139
2012-09-10 03:31:55,src/main/webapp/WEB-INF/view/questionWithTag.jsp,28,0,3,25
2012-09-10 03:31:55,src/main/webapp/WEB-INF/view/registerHeader.jsp,35,0,1,34
2012-09-10 03:31:55,src/main/webapp/WEB-INF/view/rightPane.jsp,17,0,1,16
2012-09-10 03:24:07,src/main/webapp/WEB-INF/view/registerHeader.jsp,35,0,1,34
2012-09-10 02:56:56,src/main/webapp/WEB-INF/view/registerHeader.jsp,35,0,1,34
2012-09-10 02:23:02,src/main/webapp/WEB-INF/view/home.jsp,97,0,3,94
2012-09-10 02:23:02,src/main/webapp/WEB-INF/view/rightPane.jsp,17,0,1,16
2012-09-10 02:10:59,src/main/webapp/WEB-INF/view/questionWithTag.jsp,28,0,3,25
2012-09-10 02:10:59,src/main/webapp/WEB-INF/view/rightPane.jsp,23,0,1,22
2012-09-10 02:10:57,src/main/webapp/WEB-INF/view/questionWithTag.jsp,28,0,2,26
2012-09-07 10:00:33,src/main/webapp/WEB-INF/view/home.jsp,89,0,3,86
2012-09-07 10:00:33,src/main/webapp/WEB-INF/view/postQuestion.jsp,94,0,4,90
2012-09-07 08:58:30,src/main/webapp/WEB-INF/view/home.jsp,89,0,3,86
2012-09-07 08:58:30,src/main/webapp/WEB-INF/view/join.jsp,145,0,3,142
2012-09-07 08:58:30,src/main/webapp/WEB-INF/view/login.jsp,88,0,3,85
2012-09-07 08:58:30,src/main/webapp/WEB-INF/view/postQuestion.jsp,94,0,4,90
2012-09-07 08:58:30,src/main/webapp/WEB-INF/view/questionDetail.jsp,144,0,5,139
2012-09-07 08:58:30,src/main/webapp/WEB-INF/view/registerHeader.jsp,34,0,1,33
2012-09-07 08:58:16,src/main/webapp/WEB-INF/view/postQuestion.jsp,94,0,4,90
2012-09-07 08:46:59,src/main/webapp/WEB-INF/view/postQuestion.jsp,92,0,4,88
2012-09-07 08:46:59,src/main/webapp/WEB-INF/view/questionDetail.jsp,144,0,5,139
2012-09-07 08:45:08,src/main/webapp/WEB-INF/view/questionDetail.jsp,145,0,5,140
2012-09-07 08:29:16,src/main/webapp/WEB-INF/view/postQuestion.jsp,92,0,4,88
2012-09-07 08:29:16,src/main/webapp/WEB-INF/view/questionDetail.jsp,128,0,5,123
2012-09-07 08:04:12,src/main/webapp/WEB-INF/view/home.jsp,89,0,3,86
2012-09-07 08:04:12,src/main/webapp/WEB-INF/view/join.jsp,145,0,3,142
2012-09-07 08:04:12,src/main/webapp/WEB-INF/view/login.jsp,88,0,3,85
2012-09-07 08:04:12,src/main/webapp/WEB-INF/view/postQuestion.jsp,92,0,4,88
2012-09-07 08:04:12,src/main/webapp/WEB-INF/view/questionDetail.jsp,129,0,5,124
2012-09-07 08:04:12,src/main/webapp/WEB-INF/view/registerHeader.jsp,34,0,1,33
2012-09-07 07:02:00,src/main/webapp/WEB-INF/view/questionDetail.jsp,129,0,5,124
2012-09-07 04:01:02,src/main/webapp/WEB-INF/view/login.jsp,88,0,3,85
2012-09-07 04:01:00,src/main/webapp/WEB-INF/view/home.jsp,89,0,3,86
2012-09-07 04:01:00,src/main/webapp/WEB-INF/view/join.jsp,145,0,3,142
2012-09-07 03:38:29,src/main/webapp/WEB-INF/view/registerHeader.jsp,34,0,1,33
2012-09-07 03:26:16,src/main/webapp/403.jsp,20,0,2,18
2012-09-07 00:17:28,src/main/webapp/403.jsp,20,0,2,18
2012-09-06 09:25:37,src/main/webapp/WEB-INF/view/login.jsp,88,0,3,85
2012-09-06 09:25:37,src/main/webapp/WEB-INF/view/questionDetail.jsp,130,0,5,125
2012-09-06 09:11:12,src/main/webapp/WEB-INF/view/questionDetail.jsp,130,0,5,125
2012-09-06 09:05:24,src/main/webapp/WEB-INF/view/postQuestion.jsp,92,0,4,88
2012-09-06 08:19:53,src/main/webapp/WEB-INF/view/login.jsp,88,0,3,85
2012-09-06 08:19:50,src/main/webapp/WEB-INF/view/login.jsp,55,0,0,55
2012-09-06 04:42:01,src/main/webapp/WEB-INF/view/home.jsp,88,0,3,85
2012-09-06 04:42:01,src/main/webapp/WEB-INF/view/join.jsp,145,0,3,142
2012-09-06 04:42:01,src/main/webapp/WEB-INF/view/postQuestion.jsp,92,0,4,88
2012-09-06 04:42:01,src/main/webapp/WEB-INF/view/questionDetail.jsp,132,0,5,127
2012-09-06 04:42:01,src/main/webapp/WEB-INF/view/registerHeader.jsp,29,0,1,28
2012-09-06 04:42:01,src/main/webapp/WEB-INF/view/rightPane.jsp,24,0,1,23
2012-09-06 04:42:01,src/main/webapp/WEB-INF/view/terms.jsp,39,0,1,38
2012-09-06 04:02:05,src/main/webapp/WEB-INF/view/rightPane.jsp,24,0,1,23
2012-09-06 03:42:58,src/main/webapp/WEB-INF/view/registerHeader.jsp,29,0,1,28
2012-09-06 03:42:56,src/main/webapp/WEB-INF/view/home.jsp,88,0,3,85
2012-09-06 03:42:56,src/main/webapp/WEB-INF/view/join.jsp,145,0,3,142
2012-09-06 03:42:56,src/main/webapp/WEB-INF/view/registerHeader.jsp,29,0,1,28
2012-09-06 03:42:56,src/main/webapp/WEB-INF/view/rightPane.jsp,23,0,1,22
2012-09-06 03:42:56,src/main/webapp/WEB-INF/view/terms.jsp,39,0,1,38
2012-09-06 03:32:38,src/main/webapp/WEB-INF/view/postQuestion.jsp,92,0,4,88
2012-09-06 03:18:45,src/main/webapp/WEB-INF/view/join.jsp,144,0,3,141
2012-09-06 02:29:04,src/main/webapp/WEB-INF/view/questionDetail.jsp,132,0,5,127
2012-09-06 02:26:12,src/main/webapp/403.jsp,20,0,2,18
2012-09-06 02:26:12,src/main/webapp/WEB-INF/view/adminDashboard.jsp,56,0,3,53
2012-09-06 02:26:12,src/main/webapp/WEB-INF/view/home.jsp,96,0,3,93
2012-09-06 02:26:12,src/main/webapp/WEB-INF/view/join.jsp,280,0,3,277
2012-09-06 02:26:12,src/main/webapp/WEB-INF/view/login.jsp,50,0,0,50
2012-09-06 02:26:12,src/main/webapp/WEB-INF/view/postQuestion.jsp,93,0,4,89
2012-09-06 02:26:12,src/main/webapp/WEB-INF/view/questionDetail.jsp,126,0,4,122
2012-09-06 02:26:12,src/main/webapp/WEB-INF/view/registerHeader.jsp,35,0,1,34
2012-09-06 02:26:12,src/main/webapp/WEB-INF/view/rightPane.jsp,14,0,1,13
2012-09-06 02:26:12,src/main/webapp/WEB-INF/view/terms.jsp,41,0,1,40
2012-09-06 02:20:32,src/main/webapp/WEB-INF/view/rightPane.jsp,14,0,1,13
2012-09-06 02:20:30,src/main/webapp/WEB-INF/view/join.jsp,280,0,3,277
2012-09-05 06:01:32,src/main/webapp/WEB-INF/view/postQuestion.jsp,93,0,4,89
2012-09-05 05:00:52,src/main/webapp/WEB-INF/view/home.jsp,96,0,3,93
2012-09-05 05:00:52,src/main/webapp/WEB-INF/view/rightPane.jsp,9,0,0,9
2012-09-05 05:00:38,src/main/webapp/WEB-INF/view/registerHeader.jsp,35,0,1,34
2012-09-05 03:48:19,src/main/webapp/WEB-INF/view/home.jsp,96,0,3,93
2012-09-05 03:48:19,src/main/webapp/WEB-INF/view/rightPane.jsp,9,0,0,9
2012-09-05 03:24:48,src/main/webapp/WEB-INF/view/rightPane.jsp,17,0,0,17
2012-09-05 03:07:35,src/main/webapp/WEB-INF/view/home.jsp,89,0,3,86
2012-09-05 03:07:35,src/main/webapp/WEB-INF/view/join.jsp,144,0,3,141
2012-09-05 03:07:35,src/main/webapp/WEB-INF/view/login.jsp,50,0,0,50
2012-09-05 03:07:35,src/main/webapp/WEB-INF/view/rightPane.jsp,16,0,0,16
2012-09-05 03:07:35,src/main/webapp/WEB-INF/view/terms.jsp,41,0,1,40
2012-09-04 08:04:04,src/main/webapp/WEB-INF/view/home.jsp,89,0,3,86
2012-09-04 08:04:04,src/main/webapp/WEB-INF/view/join.jsp,144,0,3,141
2012-09-04 08:04:04,src/main/webapp/WEB-INF/view/questionDetail.jsp,126,0,4,122
2012-09-04 08:04:04,src/main/webapp/WEB-INF/view/rightPane.jsp,16,0,0,16
2012-09-04 08:04:04,src/main/webapp/WEB-INF/view/terms.jsp,41,0,1,40
2012-09-04 08:02:03,src/main/webapp/WEB-INF/view/home.jsp,89,0,3,86
2012-09-04 07:45:00,src/main/webapp/WEB-INF/view/home.jsp,89,0,3,86
2012-09-04 07:45:00,src/main/webapp/WEB-INF/view/join.jsp,144,0,3,141
2012-09-04 07:45:00,src/main/webapp/WEB-INF/view/terms.jsp,41,0,1,40
2012-09-04 07:43:33,src/main/webapp/WEB-INF/view/join.jsp,145,0,3,142
2012-09-04 07:40:46,src/main/webapp/WEB-INF/view/rightPane.jsp,16,0,0,16
2012-09-04 07:30:46,src/main/webapp/WEB-INF/view/home.jsp,95,0,3,92
2012-09-04 07:30:46,src/main/webapp/WEB-INF/view/terms.jsp,41,0,1,40
2012-09-04 06:27:59,src/main/webapp/WEB-INF/view/questionDetail.jsp,126,0,4,122
2012-09-04 06:27:05,src/main/webapp/WEB-INF/view/questionDetail.jsp,135,0,4,131
2012-09-04 06:26:20,src/main/webapp/WEB-INF/view/login.jsp,50,0,0,50
2012-09-04 06:19:20,src/main/webapp/WEB-INF/view/questionDetail.jsp,126,0,4,122
2012-09-04 06:18:17,src/main/webapp/WEB-INF/view/questionDetail.jsp,135,0,4,131
2012-09-04 06:02:44,src/main/webapp/WEB-INF/view/questionDetail.jsp,135,0,4,131
2012-09-04 05:31:53,src/main/webapp/WEB-INF/view/questionDetail.jsp,135,0,4,131
2012-09-04 05:31:53,src/main/webapp/WEB-INF/view/questionDetail.jsp,135,0,4,131
2012-09-04 03:48:08,src/main/webapp/WEB-INF/view/questionDetail.jsp,107,0,3,104
2012-09-04 03:35:30,src/main/webapp/WEB-INF/view/questionDetail.jsp,95,0,3,92
2012-09-04 03:11:11,src/main/webapp/WEB-INF/view/home.jsp,95,0,3,92
2012-09-04 03:11:11,src/main/webapp/WEB-INF/view/questionDetail.jsp,78,0,3,75
2012-09-04 03:11:11,src/main/webapp/WEB-INF/view/questionDetail.jsp,79,0,3,76
2012-09-03 09:31:53,src/main/webapp/WEB-INF/view/login.jsp,48,0,0,48
2012-09-03 08:48:25,src/main/webapp/WEB-INF/view/adminDashboard.jsp,56,0,3,53
2012-09-03 08:48:25,src/main/webapp/WEB-INF/view/registerHeader.jsp,35,0,1,34
2012-09-03 05:50:48,src/main/webapp/WEB-INF/view/questionDetail.jsp,76,0,3,73
2012-09-03 05:39:20,src/main/webapp/403.jsp,20,0,2,18
2012-09-03 05:39:20,src/main/webapp/WEB-INF/view/adminDashboard.jsp,62,0,3,59
2012-09-03 05:39:20,src/main/webapp/WEB-INF/view/home.jsp,94,0,3,91
2012-09-03 05:39:00,src/main/webapp/WEB-INF/view/home.jsp,94,0,3,91
2012-09-03 05:39:00,src/main/webapp/WEB-INF/view/rightPane.jsp,8,0,0,8
2012-09-03 05:04:24,src/main/webapp/WEB-INF/view/home.jsp,93,0,3,90
2012-09-03 05:04:24,src/main/webapp/WEB-INF/view/rightPane.jsp,14,0,0,14
2012-09-03 04:48:27,src/main/webapp/WEB-INF/view/adminDashboard.jsp,63,0,3,60
2012-09-03 04:36:48,src/main/webapp/WEB-INF/view/home.jsp,85,0,3,82
2012-09-03 04:32:42,src/main/webapp/WEB-INF/view/questionDetail.jsp,75,0,3,72
2012-09-03 04:32:42,src/main/webapp/WEB-INF/view/rightPane.jsp,14,0,0,14
2012-09-03 03:39:36,src/main/webapp/WEB-INF/view/questionDetail.jsp,76,0,3,73
2012-09-03 03:39:36,src/main/webapp/WEB-INF/view/rightPane.jsp,14,0,0,14
2012-09-03 03:15:29,src/main/webapp/WEB-INF/view/questionDetail.jsp,75,0,3,72
2012-09-03 01:49:27,src/main/webapp/WEB-INF/view/adminDashboard.jsp,61,0,3,58
2012-09-03 01:49:27,src/main/webapp/WEB-INF/view/home.jsp,85,0,3,82
2012-09-03 01:49:27,src/main/webapp/WEB-INF/view/join.jsp,159,0,3,156
2012-09-03 01:49:27,src/main/webapp/WEB-INF/view/postQuestion.jsp,84,0,3,81
2012-09-03 01:49:27,src/main/webapp/WEB-INF/view/registerHeader.jsp,25,0,0,25
2012-09-03 01:49:27,src/main/webapp/WEB-INF/view/rightPane.jsp,14,0,0,14
2012-09-03 01:49:27,src/main/webapp/WEB-INF/view/terms.jsp,41,0,1,40
2012-08-31 09:39:36,src/main/webapp/WEB-INF/view/home.jsp,85,0,3,82
2012-08-31 09:34:33,src/main/webapp/WEB-INF/view/adminDashboard.jsp,61,0,3,58
2012-08-31 09:29:50,src/main/webapp/WEB-INF/view/join.jsp,159,0,3,156
2012-08-31 09:29:50,src/main/webapp/WEB-INF/view/terms.jsp,41,0,1,40
2012-08-31 09:06:21,src/main/webapp/WEB-INF/view/postQuestion.jsp,84,0,3,81
2012-08-31 08:56:25,src/main/webapp/WEB-INF/view/registerHeader.jsp,25,0,0,25
2012-08-31 08:56:25,src/main/webapp/WEB-INF/view/rightPane.jsp,14,0,0,14
2012-08-31 08:54:19,src/main/webapp/WEB-INF/view/postQuestion.jsp,84,0,3,81
2012-08-31 08:54:19,src/main/webapp/WEB-INF/view/registerHeader.jsp,28,0,0,28
2012-08-31 08:34:29,src/main/webapp/WEB-INF/view/adminDashboard.jsp,55,0,3,52
2012-08-31 08:34:29,src/main/webapp/WEB-INF/view/rightPane.jsp,15,0,0,15
2012-08-31 08:30:57,src/main/webapp/WEB-INF/view/adminDashboard.jsp,55,0,3,52
2012-08-31 08:23:13,src/main/webapp/WEB-INF/view/adminDashboard.jsp,56,0,3,53
2012-08-31 08:23:13,src/main/webapp/WEB-INF/view/rightPane.jsp,15,0,0,15
2012-08-31 07:20:30,src/main/webapp/WEB-INF/view/join.jsp,158,0,3,155
2012-08-31 07:14:36,src/main/webapp/WEB-INF/view/login.jsp,47,0,0,47
2012-08-31 07:14:36,src/main/webapp/WEB-INF/view/registerHeader.jsp,28,0,0,28
2012-08-31 06:56:49,src/main/webapp/WEB-INF/view/home.jsp,85,0,3,82
2012-08-31 06:56:49,src/main/webapp/WEB-INF/view/join.jsp,157,0,2,155
2012-08-31 06:56:49,src/main/webapp/WEB-INF/view/postQuestion.jsp,84,0,3,81
2012-08-31 06:56:49,src/main/webapp/WEB-INF/view/rightPane.jsp,16,0,0,16
2012-08-31 06:11:29,src/main/webapp/WEB-INF/view/join.jsp,157,0,2,155
2012-08-31 05:47:20,src/main/webapp/WEB-INF/view/rightPane.jsp,16,0,0,16
2012-08-31 05:37:04,src/main/webapp/WEB-INF/view/home.jsp,85,0,3,82
2012-08-31 05:37:04,src/main/webapp/WEB-INF/view/postQuestion.jsp,84,0,3,81
2012-08-31 05:37:04,src/main/webapp/WEB-INF/view/rightPane.jsp,16,0,0,16
2012-08-31 02:57:19,src/main/webapp/WEB-INF/view/terms.jsp,40,0,1,39
2012-08-31 02:57:18,src/main/webapp/WEB-INF/view/join.jsp,157,0,2,155
2012-08-31 02:57:18,src/main/webapp/WEB-INF/view/terms.jsp,38,0,1,37
2012-08-31 02:47:12,src/main/webapp/WEB-INF/view/postQuestion.jsp,83,0,3,80
2012-08-31 02:47:12,src/main/webapp/WEB-INF/view/showPostedQuestion.jsp,17,0,1,16
2012-08-31 02:26:19,src/main/webapp/WEB-INF/view/home.jsp,86,0,3,83
2012-08-31 02:26:19,src/main/webapp/WEB-INF/view/join.jsp,160,0,3,157
2012-08-31 02:26:19,src/main/webapp/WEB-INF/view/registerHeader.jsp,26,0,0,26
2012-08-31 02:26:19,src/main/webapp/WEB-INF/view/rightPane.jsp,15,0,0,15
2012-08-31 01:45:06,src/main/webapp/WEB-INF/view/postQuestion.jsp,83,0,3,80
2012-08-31 00:23:27,src/main/webapp/WEB-INF/view/postQuestion.jsp,83,0,3,80
2012-08-30 15:49:14,src/main/webapp/WEB-INF/view/home.jsp,86,0,3,83
2012-08-30 15:49:14,src/main/webapp/WEB-INF/view/postQuestion.jsp,83,0,3,80
2012-08-30 15:49:14,src/main/webapp/WEB-INF/view/questionDetail.jsp,66,0,3,63
2012-08-30 15:49:14,src/main/webapp/WEB-INF/view/registerHeader.jsp,26,0,0,26
2012-08-30 12:01:25,src/main/webapp/WEB-INF/view/postQuestion.jsp,83,0,3,80
2012-08-30 12:01:25,src/main/webapp/WEB-INF/view/questionDetail.jsp,48,0,1,47
2012-08-30 10:10:09,src/main/webapp/WEB-INF/view/home.jsp,86,0,3,83
2012-08-30 10:01:32,src/main/webapp/WEB-INF/view/postQuestion.jsp,65,0,3,62
2012-08-30 09:54:39,src/main/webapp/WEB-INF/view/login.jsp,46,0,0,46
2012-08-30 09:44:38,src/main/webapp/WEB-INF/view/join.jsp,146,0,1,145
2012-08-30 07:49:29,src/main/webapp/WEB-INF/view/join.jsp,146,0,1,145
2012-08-30 07:34:20,src/main/webapp/WEB-INF/view/registerHeader.jsp,23,0,0,23
2012-08-30 06:51:51,src/main/webapp/WEB-INF/view/adminDashboard.jsp,53,0,1,52
2012-08-30 06:51:51,src/main/webapp/WEB-INF/view/adminDashboard.jsp,63,0,1,62
2012-08-30 06:41:53,src/main/webapp/WEB-INF/view/postQuestion.jsp,59,0,1,58
2012-08-30 06:36:54,src/main/webapp/WEB-INF/view/login.jsp,46,0,0,46
2012-08-30 06:36:54,src/main/webapp/WEB-INF/view/postQuestion.jsp,61,0,1,60
2012-08-30 06:24:08,src/main/webapp/WEB-INF/view/adminDashboard.jsp,64,0,1,63
2012-08-30 06:24:08,src/main/webapp/WEB-INF/view/postQuestion.jsp,60,0,1,59
2012-08-30 06:24:08,src/main/webapp/WEB-INF/view/showPostedQuestion.jsp,24,0,1,23
2012-08-29 08:54:21,src/main/webapp/WEB-INF/view/home.jsp,86,0,3,83
2012-08-29 08:54:17,src/main/webapp/WEB-INF/view/home.jsp,86,0,3,83
2012-08-29 08:54:17,src/main/webapp/WEB-INF/view/registerHeader.jsp,23,0,0,23
2012-08-29 08:54:17,src/main/webapp/WEB-INF/view/rightPane.jsp,15,0,0,15
2012-08-29 08:54:16,src/main/webapp/WEB-INF/view/home.jsp,86,0,3,83
2012-08-29 06:41:38,src/main/webapp/WEB-INF/view/postQuestion.jsp,43,0,1,42
2012-08-29 06:41:38,src/main/webapp/WEB-INF/view/terms.jsp,29,0,1,28
2012-08-29 06:12:47,src/main/webapp/WEB-INF/view/adminDashboard.jsp,64,0,1,63
2012-08-29 06:12:47,src/main/webapp/WEB-INF/view/home.jsp,91,0,2,89
2012-08-29 06:12:47,src/main/webapp/WEB-INF/view/questionDetail.jsp,46,0,1,45
2012-08-29 03:56:37,src/main/webapp/WEB-INF/view/join.jsp,146,0,1,145
2012-08-29 02:44:50,src/main/webapp/WEB-INF/view/home.jsp,90,0,2,88
2012-08-29 02:27:20,src/main/webapp/WEB-INF/view/home.jsp,91,0,2,89
2012-08-29 02:27:19,src/main/webapp/WEB-INF/view/home.jsp,99,0,2,97
2012-08-29 02:27:18,src/main/webapp/WEB-INF/view/home.jsp,96,0,2,94
2012-08-29 02:27:18,src/main/webapp/WEB-INF/view/registerHeader.jsp,22,0,0,22
2012-08-29 02:05:40,src/main/webapp/WEB-INF/view/questionDetail.jsp,106,0,1,105
2012-08-29 02:05:40,src/main/webapp/WEB-INF/view/questionDetail.jsp,105,0,1,104
2012-08-28 12:25:14,src/main/webapp/WEB-INF/view/postQuestion.jsp,43,0,1,42
2012-08-28 12:25:14,src/main/webapp/WEB-INF/view/postQuestion.jsp,43,0,1,42
2012-08-28 09:31:53,src/main/webapp/WEB-INF/view/home.jsp,52,0,2,50
2012-08-28 09:31:53,src/main/webapp/WEB-INF/view/join.jsp,146,0,1,145
2012-08-28 09:31:53,src/main/webapp/WEB-INF/view/questionDetail.jsp,106,0,1,105
2012-08-28 09:31:53,src/main/webapp/WEB-INF/view/registerHeader.jsp,9,0,0,9
2012-08-28 09:31:34,src/main/webapp/WEB-INF/view/home.jsp,52,0,2,50
2012-08-28 09:31:34,src/main/webapp/WEB-INF/view/join.jsp,146,0,1,145
2012-08-28 09:31:34,src/main/webapp/WEB-INF/view/postQuestion.jsp,44,0,1,43
2012-08-28 09:31:34,src/main/webapp/WEB-INF/view/questionDetail.jsp,61,0,1,60
2012-08-28 09:31:34,src/main/webapp/WEB-INF/view/registerHeader.jsp,9,0,0,9
2012-08-28 09:31:34,src/main/webapp/WEB-INF/view/showPostedQuestion.jsp,17,0,1,16
2012-08-28 08:16:53,src/main/webapp/WEB-INF/view/home.jsp,52,0,2,50
2012-08-28 08:16:53,src/main/webapp/WEB-INF/view/registerHeader.jsp,9,0,0,9
2012-08-28 07:56:51,src/main/webapp/WEB-INF/view/questionDetail.jsp,106,0,1,105
2012-08-28 05:56:01,src/main/webapp/WEB-INF/view/questionDetail.jsp,104,0,1,103
2012-08-28 05:36:43,src/main/webapp/WEB-INF/view/join.jsp,146,0,1,145
2012-08-28 02:40:43,src/main/webapp/WEB-INF/view/home.jsp,52,0,2,50
2012-08-28 02:40:43,src/main/webapp/WEB-INF/view/registerHeader.jsp,9,0,0,9
2012-08-27 09:39:47,src/main/webapp/WEB-INF/view/join.jsp,146,0,1,145
2012-08-27 05:21:27,src/main/webapp/WEB-INF/view/questionDetail.jsp,61,0,1,60
2012-08-27 04:54:59,src/main/webapp/WEB-INF/view/questionDetail.jsp,66,0,1,65
2012-08-27 04:40:57,src/main/webapp/WEB-INF/view/home.jsp,47,0,2,45
2012-08-27 04:40:57,src/main/webapp/WEB-INF/view/postQuestion.jsp,44,0,1,43
2012-08-27 04:40:57,src/main/webapp/WEB-INF/view/registerHeader.jsp,6,0,0,6
2012-08-27 04:40:57,src/main/webapp/WEB-INF/view/showPostedQuestion.jsp,17,0,1,16
2012-08-27 03:15:41,src/main/webapp/WEB-INF/view/join.jsp,363,0,1,362
2012-08-27 00:49:54,src/main/webapp/WEB-INF/view/home.jsp,48,0,2,46
2012-08-27 00:49:54,src/main/webapp/WEB-INF/view/questiondetail.jsp,40,0,1,39
2012-08-24 07:44:37,src/main/webapp/WEB-INF/view/adminDashboard.jsp,64,0,1,63
2012-08-24 06:53:19,src/main/webapp/WEB-INF/view/join.jsp,363,0,1,362
2012-08-24 06:53:19,src/main/webapp/WEB-INF/view/showprofile.jsp,16,0,1,15
2012-08-24 06:50:06,src/main/webapp/WEB-INF/view/join.jsp,362,0,1,361
2012-08-24 06:50:05,src/main/webapp/WEB-INF/view/join.jsp,369,0,1,368
2012-08-24 06:50:00,src/main/webapp/WEB-INF/view/sample.jsp,25,0,1,24
2012-08-24 06:28:54,src/main/webapp/WEB-INF/view/login.jsp,26,0,1,25
2012-08-24 06:20:43,src/main/webapp/WEB-INF/view/adminDashboard.jsp,114,0,1,113
2012-08-24 06:20:43,src/main/webapp/WEB-INF/view/home.jsp,48,0,2,46
2012-08-24 06:20:43,src/main/webapp/WEB-INF/view/join.jsp,362,0,1,361
2012-08-24 06:20:43,src/main/webapp/WEB-INF/view/postQuestion.jsp,41,0,1,40
2012-08-24 06:20:43,src/main/webapp/WEB-INF/view/questiondetail.jsp,40,0,1,39
2012-08-24 06:20:43,src/main/webapp/WEB-INF/view/registerHeader.jsp,4,0,0,4
2012-08-24 06:08:10,src/main/webapp/WEB-INF/view/adminDashboard.jsp,87,0,1,86
2012-08-24 06:07:24,src/main/webapp/WEB-INF/view/home.jsp,48,0,2,46
2012-08-24 06:04:02,src/main/webapp/WEB-INF/view/home.jsp,42,0,2,40
2012-08-24 06:01:37,src/main/webapp/WEB-INF/view/home.jsp,44,0,2,42
2012-08-24 03:29:39,src/main/webapp/WEB-INF/view/home.jsp,43,0,2,41
2012-08-24 02:52:25,src/main/webapp/WEB-INF/view/home.jsp,41,0,2,39
2012-08-24 00:49:43,src/main/webapp/WEB-INF/view/adminDashboard.jsp,68,0,1,67
2012-08-24 00:46:51,src/main/webapp/WEB-INF/view/home.jsp,39,0,2,37
2012-08-24 00:46:51,src/main/webapp/WEB-INF/view/home.jsp,39,0,2,37
2012-08-24 00:22:46,src/main/webapp/WEB-INF/view/postQuestion.jsp,41,0,1,40
2012-08-24 00:22:40,src/main/webapp/WEB-INF/view/postQuestion.jsp,55,0,1,54
2012-08-23 15:44:54,src/main/webapp/WEB-INF/view/postQuestion.jsp,60,0,1,59
2012-08-23 14:46:38,src/main/webapp/WEB-INF/view/postQuestion.jsp,55,0,1,54
2012-08-23 08:57:54,src/main/webapp/WEB-INF/view/join.jsp,362,0,1,361
2012-08-23 08:57:54,src/main/webapp/WEB-INF/view/postQuestion.jsp,41,0,1,40
2012-08-23 08:52:40,src/main/webapp/WEB-INF/view/home.jsp,42,0,2,40
2012-08-23 08:52:40,src/main/webapp/WEB-INF/view/questiondetail.jsp,40,0,1,39
2012-08-23 08:26:50,src/main/webapp/WEB-INF/view/join.jsp,362,0,1,361
2012-08-23 08:26:50,src/main/webapp/WEB-INF/view/home.jsp,41,0,2,39
2012-08-23 08:26:50,src/main/webapp/WEB-INF/view/registerHeader.jsp,4,0,0,4
2012-08-23 07:49:51,src/main/webapp/WEB-INF/view/questiondetail.jsp,16,0,1,15
2012-08-23 06:22:18,src/main/webapp/WEB-INF/view/postQuestion.jsp,41,0,1,40
2012-08-23 04:25:31,src/main/webapp/WEB-INF/view/home.jsp,45,0,1,44
2012-08-23 03:28:58,src/main/webapp/WEB-INF/view/home.jsp,46,0,1,45
2012-08-23 03:25:55,src/main/webapp/WEB-INF/view/home.jsp,64,0,1,63
2012-08-23 03:17:15,src/main/webapp/WEB-INF/view/showPostedQuestion.jsp,17,0,1,16
2012-08-23 02:33:16,src/main/webapp/WEB-INF/view/postQuestion.jsp,40,0,1,39
2012-08-22 15:55:03,src/main/webapp/WEB-INF/view/home.jsp,64,0,1,63
2012-08-22 07:17:00,src/main/webapp/WEB-INF/view/home.jsp,49,0,1,48
2012-08-22 07:17:00,src/main/webapp/WEB-INF/view/home.jsp,28,0,1,27
2012-08-22 06:56:55,src/main/webapp/WEB-INF/view/customers.jsp,13,0,1,12
2012-08-22 06:18:13,src/main/webapp/WEB-INF/view/postQuestion.jsp,39,0,1,38
2012-08-22 06:13:42,src/main/webapp/WEB-INF/view/terms.jsp,11,0,1,10
2012-08-22 02:07:03,src/main/webapp/WEB-INF/view/postQuestion.jsp,38,0,0,38
2012-08-22 00:50:27,src/main/webapp/WEB-INF/view/DBTest.jsp,11,0,1,10
2012-08-22 00:50:27,src/main/webapp/WEB-INF/view/adminDashboard.jsp,85,0,1,84
2012-08-21 09:20:52,src/main/webapp/WEB-INF/view/join.jsp,362,0,1,361
2012-08-21 09:15:30,src/main/webapp/WEB-INF/view/DBTest.jsp,11,0,1,10
2012-08-21 09:15:30,src/main/webapp/WEB-INF/view/adminDashboard.jsp,85,0,1,84
2012-08-21 08:55:00,src/main/webapp/WEB-INF/view/join.jsp,360,0,1,359
2012-08-21 08:38:33,src/main/webapp/WEB-INF/view/DBTest.jsp,11,0,1,10
2012-08-21 08:37:27,src/main/webapp/WEB-INF/view/adminDashboard.jsp,85,0,1,84
2012-08-21 08:28:48,src/main/webapp/WEB-INF/view/DBTest.jsp,11,0,1,10
2012-08-21 00:30:22,src/main/webapp/WEB-INF/view/adminDashboard.jsp,24,0,1,23
2012-08-21 00:30:22,src/main/webapp/WEB-INF/view/join.jsp,90,0,1,89
2012-08-21 00:30:22,src/main/webapp/WEB-INF/view/postQuestion.jsp,63,0,0,63
2012-08-21 00:30:22,src/main/webapp/WEB-INF/view/showprofile.jsp,16,0,1,15
2012-08-21 00:26:03,src/main/webapp/WEB-INF/view/adminDashboard.jsp,24,0,1,23
2012-08-21 00:26:03,src/main/webapp/WEB-INF/view/join.jsp,90,0,1,89
2012-08-21 00:26:03,src/main/webapp/WEB-INF/view/showprofile.jsp,16,0,1,15
2012-08-20 16:13:10,src/main/webapp/WEB-INF/view/postQuestion.jsp,63,0,0,63
2012-08-20 09:23:37,src/main/webapp/WEB-INF/view/adminDashboard.jsp,24,0,1,23
2012-08-20 09:23:15,src/main/webapp/WEB-INF/view/join.jsp,90,0,1,89
2012-08-20 09:23:15,src/main/webapp/WEB-INF/view/showprofile.jsp,16,0,1,15
2012-08-20 09:21:01,src/main/webapp/WEB-INF/view/adminDashboard.jsp,24,0,1,23
2012-08-20 08:53:25,src/main/webapp/WEB-INF/view/join.jsp,90,0,1,89
2012-08-20 08:53:25,src/main/webapp/WEB-INF/view/postQuestion.jsp,32,0,0,32
2012-08-20 08:53:25,src/main/webapp/WEB-INF/view/showPostedQuestion.jsp,16,0,1,15
2012-08-20 08:52:58,src/main/webapp/WEB-INF/view/postQuestion.jsp,32,0,0,32
2012-08-20 08:52:58,src/main/webapp/WEB-INF/view/showPostedQuestion.jsp,16,0,1,15
2012-08-20 08:36:31,src/main/webapp/WEB-INF/view/join.jsp,90,0,1,89
2012-08-20 08:33:05,src/main/webapp/WEB-INF/view/postQuestion.jsp,32,0,0,32
2012-08-20 08:33:05,src/main/webapp/WEB-INF/view/showPostedQuestion.jsp,16,0,1,15
2012-08-20 08:30:37,src/main/webapp/WEB-INF/view/join.jsp,90,0,1,89
2012-08-20 08:28:18,src/main/webapp/WEB-INF/view/join.jsp,89,0,1,88
2012-08-19 15:33:52,src/main/webapp/WEB-INF/view/home.jsp,11,0,1,10
2012-08-19 15:33:52,src/main/webapp/WEB-INF/view/sample.jsp,25,0,1,24
2012-08-19 14:52:41,src/main/webapp/WEB-INF/view/home.jsp,11,0,1,10
2012-08-19 14:52:41,src/main/webapp/WEB-INF/view/sample.jsp,25,0,1,24
2012-08-17 04:10:31,src/main/webapp/404.jsp,14,0,1,13
2012-08-17 04:10:31,src/main/webapp/WEB-INF/templates/home.jsp,25,0,1,24
2012-08-17 04:10:31,src/main/webapp/index.jsp,1,0,0,1
