2014-06-15 11:47:31,src/main/webapp/WEB-INF/tiles/body/category/info.jsp,14,0,2,12
2014-06-15 11:47:31,src/main/webapp/WEB-INF/tiles/body/series/info.jsp,134,0,6,128
2014-06-15 11:34:28,src/main/webapp/WEB-INF/tiles/body/country/add.jsp,23,0,3,20
2014-06-15 11:34:28,src/main/webapp/WEB-INF/tiles/body/country/info.jsp,14,0,2,12
2014-06-15 11:34:28,src/main/webapp/WEB-INF/tiles/body/series/info.jsp,134,0,6,128
2014-06-15 11:02:19,src/main/webapp/WEB-INF/tiles/header/default.jsp,51,0,3,48
2014-05-28 16:58:25,src/main/webapp/WEB-INF/tiles/body/series/info.jsp,134,0,6,128
2014-05-28 16:10:29,src/main/webapp/WEB-INF/tiles/body/series/add.jsp,178,0,6,172
2014-05-28 16:10:29,src/main/webapp/WEB-INF/tiles/body/series/info.jsp,122,0,5,117
2014-02-16 14:02:15,src/main/webapp/WEB-INF/tiles/body/country/info.jsp,14,0,2,12
2014-02-16 14:02:12,src/main/webapp/WEB-INF/tiles/body/category/info.jsp,14,0,2,12
2014-02-15 13:30:40,src/main/webapp/WEB-INF/tiles/body/site/robots.jsp,12,0,1,11
2014-02-11 18:05:37,src/main/webapp/WEB-INF/tiles/body/category/add.jsp,23,0,3,20
2014-02-11 18:05:37,src/main/webapp/WEB-INF/tiles/body/category/info.jsp,5,0,1,4
2014-02-11 18:05:37,src/main/webapp/WEB-INF/tiles/body/series/add.jsp,150,0,6,144
2014-02-11 18:05:37,src/main/webapp/WEB-INF/tiles/body/series/info.jsp,114,0,5,109
2014-02-11 18:05:37,src/main/webapp/WEB-INF/tiles/body/site/index.jsp,43,0,3,40
2014-02-06 19:40:26,src/main/webapp/WEB-INF/tiles/body/series/add.jsp,143,0,6,137
2014-02-06 19:40:26,src/main/webapp/WEB-INF/tiles/layout/default.jsp,41,0,3,38
2014-02-06 19:40:26,src/main/webapp/WEB-INF/tiles/tail/series/add.jsp,17,0,1,16
2014-02-01 11:52:25,src/main/webapp/WEB-INF/tiles/body/site/index.jsp,36,0,3,33
2014-02-01 11:20:26,src/main/webapp/WEB-INF/tiles/body/site/index.jsp,33,0,3,30
2014-01-03 13:26:14,src/main/webapp/WEB-INF/tiles/footer/default.jsp,6,0,1,5
2013-12-30 10:07:26,src/main/webapp/WEB-INF/tiles/body/series/add.jsp,143,0,6,137
2013-12-30 10:07:26,src/main/webapp/WEB-INF/tiles/body/series/info.jsp,108,0,5,103
2013-12-28 10:05:00,src/main/webapp/WEB-INF/tiles/body/site/index.jsp,19,0,3,16
2013-11-16 14:45:12,src/main/webapp/WEB-INF/tiles/body/series/info.jsp,106,0,4,102
2013-11-16 14:45:12,src/main/webapp/WEB-INF/tiles/footer/default.jsp,6,0,1,5
2013-11-16 14:45:12,src/main/webapp/WEB-INF/tiles/header/default.jsp,49,0,3,46
2013-11-16 14:45:12,src/main/webapp/WEB-INF/tiles/body/account/activate.jsp,58,0,6,52
2013-11-16 14:45:12,src/main/webapp/WEB-INF/tiles/body/account/auth.jsp,67,0,5,62
2013-11-16 14:45:12,src/main/webapp/WEB-INF/tiles/body/account/register.jsp,31,0,4,27
2013-11-16 14:45:12,src/main/webapp/WEB-INF/tiles/body/country/add.jsp,19,0,3,16
2013-11-16 14:45:12,src/main/webapp/WEB-INF/tiles/body/series/add.jsp,141,0,5,136
2013-11-16 14:45:12,src/main/webapp/WEB-INF/tiles/body/series/info.jsp,106,0,4,102
2013-11-16 14:45:12,src/main/webapp/WEB-INF/tiles/header/default.jsp,49,0,3,46
2013-11-16 14:45:12,src/main/webapp/WEB-INF/tiles/layout/default.jsp,39,0,3,36
2013-11-16 14:45:12,src/main/webapp/WEB-INF/tiles/layout/error.jsp,46,0,4,42
2013-11-16 14:45:12,src/main/webapp/WEB-INF/tiles/header/default.jsp,49,0,3,46
2013-11-16 14:45:12,src/main/webapp/WEB-INF/tiles/body/account/activate.jsp,58,0,6,52
2013-11-16 14:45:12,src/main/webapp/WEB-INF/tiles/body/account/auth.jsp,67,0,5,62
2013-11-16 14:45:12,src/main/webapp/WEB-INF/tiles/body/account/register.jsp,31,0,4,27
2013-11-16 14:45:12,src/main/webapp/WEB-INF/tiles/body/series/info.jsp,106,0,4,102
2013-11-16 14:45:12,src/main/webapp/WEB-INF/tiles/layout/default.jsp,39,0,3,36
2013-11-16 14:45:12,src/main/webapp/WEB-INF/tiles/layout/error.jsp,46,0,4,42
2013-05-11 07:24:59,src/main/webapp/WEB-INF/tiles/body/series/add.jsp,141,0,5,136
2013-05-11 07:23:03,src/main/webapp/WEB-INF/tiles/body/series/add.jsp,141,0,5,136
2013-05-05 11:15:32,src/main/webapp/WEB-INF/tiles/body/account/activate.jsp,58,0,6,52
2013-05-05 11:15:32,src/main/webapp/WEB-INF/tiles/body/account/auth.jsp,67,0,5,62
2013-05-05 11:15:32,src/main/webapp/WEB-INF/tiles/body/account/register.jsp,31,0,4,27
2013-05-05 11:15:32,src/main/webapp/WEB-INF/tiles/body/country/add.jsp,19,0,3,16
2013-05-05 11:15:32,src/main/webapp/WEB-INF/tiles/body/series/add.jsp,142,0,5,137
2013-05-05 11:15:32,src/main/webapp/WEB-INF/tiles/body/series/info.jsp,106,0,4,102
2013-05-05 11:15:32,src/main/webapp/WEB-INF/tiles/footer/default.jsp,6,0,1,5
2013-05-05 11:15:32,src/main/webapp/WEB-INF/tiles/header/default.jsp,49,0,3,46
2013-05-05 11:15:32,src/main/webapp/WEB-INF/tiles/layout/default.jsp,39,0,3,36
2013-05-05 11:15:32,src/main/webapp/WEB-INF/tiles/layout/error.jsp,46,0,4,42
2013-04-05 17:03:39,src/main/webapp/WEB-INF/tiles/body/account/activate.jsp,54,0,6,48
2013-04-05 17:03:39,src/main/webapp/WEB-INF/tiles/body/account/register.jsp,29,0,4,25
2013-04-05 17:03:39,src/main/webapp/WEB-INF/tiles/body/country/add.jsp,21,0,3,18
2013-04-05 17:03:39,src/main/webapp/WEB-INF/tiles/body/series/add.jsp,135,0,4,131
2013-04-05 16:55:53,src/main/webapp/WEB-INF/tiles/body/account/activate.jsp,61,0,6,55
2013-04-05 16:55:53,src/main/webapp/WEB-INF/tiles/body/account/register.jsp,35,0,4,31
2013-04-05 16:55:53,src/main/webapp/WEB-INF/tiles/body/country/add.jsp,27,0,3,24
2013-04-05 16:55:53,src/main/webapp/WEB-INF/tiles/body/series/add.jsp,141,0,4,137
2013-03-22 15:24:20,src/main/webapp/WEB-INF/tiles/body/series/add.jsp,203,0,4,199
2013-03-22 15:24:20,src/main/webapp/WEB-INF/tiles/body/series/info.jsp,120,0,4,116
2013-02-23 17:24:38,src/main/webapp/WEB-INF/tiles/body/series/add.jsp,179,0,4,175
2013-02-23 17:24:38,src/main/webapp/WEB-INF/tiles/body/series/info.jsp,107,0,3,104
2013-02-23 16:26:03,src/main/webapp/WEB-INF/tiles/body/account/auth.jsp,72,0,5,67
2013-02-23 16:11:14,src/main/webapp/WEB-INF/tiles/body/account/activate.jsp,118,0,6,112
2013-01-31 17:19:23,src/main/webapp/WEB-INF/tiles/body/series/add.jsp,179,0,4,175
2013-01-29 16:58:49,src/main/webapp/WEB-INF/tiles/body/series/add.jsp,179,0,4,175
2013-01-28 03:43:10,src/main/webapp/WEB-INF/tiles/layout/default.jsp,23,0,3,20
2013-01-28 03:43:10,src/main/webapp/WEB-INF/tiles/layout/error.jsp,34,0,4,30
2013-01-15 17:12:39,src/main/webapp/WEB-INF/tiles/footer/default.jsp,6,0,1,5
2013-01-13 19:12:41,src/main/webapp/WEB-INF/tiles/header/default.jsp,48,0,3,45
2012-11-14 17:01:17,src/main/webapp/WEB-INF/tiles/body/series/add.jsp,178,0,4,174
2012-11-11 20:32:49,src/main/webapp/WEB-INF/tiles/body/series/info.jsp,107,0,3,104
2012-10-21 08:57:21,src/main/webapp/WEB-INF/tiles/body/account/activate.jsp,111,0,5,106
2012-10-21 08:57:21,src/main/webapp/WEB-INF/tiles/body/account/auth.jsp,66,0,5,61
2012-10-21 08:57:21,src/main/webapp/WEB-INF/tiles/body/account/register.jsp,46,0,4,42
2012-10-21 08:57:21,src/main/webapp/WEB-INF/tiles/body/country/add.jsp,38,0,3,35
2012-10-21 08:57:21,src/main/webapp/WEB-INF/tiles/body/country/info.jsp,5,0,1,4
2012-10-21 08:57:21,src/main/webapp/WEB-INF/tiles/body/series/add.jsp,177,0,4,173
2012-10-21 08:57:21,src/main/webapp/WEB-INF/tiles/body/series/info.jsp,107,0,3,104
2012-10-21 08:57:21,src/main/webapp/WEB-INF/tiles/body/site/index.jsp,15,0,3,12
2012-10-21 08:57:21,src/main/webapp/WEB-INF/tiles/body/successful/activation.jsp,8,0,2,6
2012-10-21 08:57:21,src/main/webapp/WEB-INF/tiles/body/successful/registration.jsp,6,0,1,5
2012-10-21 08:57:21,src/main/webapp/WEB-INF/tiles/footer/default.jsp,6,0,1,5
2012-10-21 08:57:21,src/main/webapp/WEB-INF/tiles/header/default.jsp,48,0,3,45
2012-10-21 08:57:21,src/main/webapp/WEB-INF/tiles/layout/default.jsp,23,0,3,20
2012-10-21 08:57:21,src/main/webapp/WEB-INF/tiles/layout/error.jsp,34,0,4,30
2012-10-15 18:40:58,src/main/webapp/WEB-INF/pages/country/add.jsp,49,0,2,47
2012-09-13 16:31:27,src/main/webapp/WEB-INF/pages/account/activate.jsp,119,0,2,117
2012-09-13 16:31:27,src/main/webapp/WEB-INF/pages/account/auth.jsp,75,0,2,73
2012-09-13 16:31:27,src/main/webapp/WEB-INF/pages/account/register.jsp,57,0,2,55
2012-09-13 16:31:27,src/main/webapp/WEB-INF/pages/country/add.jsp,49,0,2,47
2012-09-13 16:31:27,src/main/webapp/WEB-INF/pages/country/info.jsp,18,0,2,16
2012-09-13 16:31:27,src/main/webapp/WEB-INF/pages/error/401.jsp,24,0,2,22
2012-09-13 16:31:27,src/main/webapp/WEB-INF/pages/error/404.jsp,25,0,3,22
2012-09-13 16:31:27,src/main/webapp/WEB-INF/pages/series/add.jsp,187,0,2,185
2012-09-13 16:31:27,src/main/webapp/WEB-INF/pages/series/info.jsp,118,0,2,116
2012-09-13 16:31:27,src/main/webapp/WEB-INF/pages/site/index.jsp,24,0,2,22
2012-09-13 16:31:27,src/main/webapp/WEB-INF/pages/successful/activation.jsp,19,0,2,17
2012-09-13 16:31:27,src/main/webapp/WEB-INF/pages/successful/registration.jsp,19,0,2,17
2012-09-10 16:40:33,src/main/webapp/WEB-INF/pages/account/activate.jsp,120,0,3,117
2012-09-10 16:40:33,src/main/webapp/WEB-INF/pages/account/auth.jsp,76,0,3,73
2012-09-10 16:40:33,src/main/webapp/WEB-INF/pages/account/register.jsp,58,0,3,55
2012-09-10 16:40:33,src/main/webapp/WEB-INF/pages/country/add.jsp,50,0,3,47
2012-09-10 16:40:33,src/main/webapp/WEB-INF/pages/series/add.jsp,188,0,3,185
2012-08-26 06:14:47,src/main/webapp/WEB-INF/pages/site/index.jsp,25,0,3,22
2012-08-09 15:19:04,src/main/webapp/WEB-INF/pages/account/activate.jsp,125,0,3,122
2012-07-28 06:15:57,src/main/webapp/WEB-INF/pages/site/index.jsp,23,0,3,20
2012-07-27 15:34:02,src/main/webapp/WEB-INF/pages/error/401.jsp,25,0,3,22
2012-07-27 15:34:02,src/main/webapp/WEB-INF/pages/site/index.jsp,23,0,3,20
2012-07-27 15:17:22,src/main/webapp/WEB-INF/pages/account/auth.jsp,81,0,3,78
2012-07-27 15:17:22,src/main/webapp/WEB-INF/pages/account/register.jsp,68,0,3,65
2012-07-27 15:17:22,src/main/webapp/WEB-INF/pages/site/index.jsp,21,0,3,18
2012-07-23 17:08:40,src/main/webapp/WEB-INF/pages/series/add.jsp,193,0,3,190
2012-07-23 17:08:40,src/main/webapp/WEB-INF/pages/series/info.jsp,119,0,3,116
2012-07-12 16:45:06,src/main/webapp/WEB-INF/pages/series/add.jsp,137,0,3,134
2012-07-12 16:42:31,src/main/webapp/WEB-INF/pages/series/add.jsp,145,0,3,142
2012-06-27 15:13:53,src/main/webapp/WEB-INF/pages/account/auth.jsp,86,0,3,83
2012-06-27 15:13:53,src/main/webapp/WEB-INF/pages/account/register.jsp,73,0,3,70
2012-05-12 15:08:09,src/main/webapp/WEB-INF/pages/series/add.jsp,145,0,3,142
2012-05-05 15:53:37,src/main/webapp/WEB-INF/pages/account/register.jsp,73,0,3,70
2012-05-05 15:53:37,src/main/webapp/WEB-INF/pages/country/add.jsp,55,0,3,52
2012-05-05 15:51:22,src/main/webapp/WEB-INF/pages/account/activate.jsp,118,0,3,115
2012-05-05 15:51:22,src/main/webapp/WEB-INF/pages/account/auth.jsp,85,0,3,82
2012-05-05 15:51:22,src/main/webapp/WEB-INF/pages/account/register.jsp,73,0,3,70
2012-05-05 15:51:22,src/main/webapp/WEB-INF/pages/country/add.jsp,55,0,3,52
2012-05-05 15:46:09,src/main/webapp/WEB-INF/pages/account/register.jsp,73,0,3,70
2012-05-03 16:46:05,src/main/webapp/WEB-INF/pages/account/activate.jsp,118,0,3,115
2012-05-03 16:46:05,src/main/webapp/WEB-INF/pages/account/auth.jsp,85,0,3,82
2012-05-03 16:46:05,src/main/webapp/WEB-INF/pages/account/register.jsp,73,0,3,70
2012-05-03 16:46:05,src/main/webapp/WEB-INF/pages/country/add.jsp,55,0,3,52
2012-05-03 16:46:05,src/main/webapp/WEB-INF/pages/country/info.jsp,19,0,3,16
2012-05-03 16:46:05,src/main/webapp/WEB-INF/pages/error/404.jsp,25,0,3,22
2012-05-03 16:46:05,src/main/webapp/WEB-INF/pages/password/restore.jsp,17,1,3,13
2012-05-03 16:46:05,src/main/webapp/WEB-INF/pages/series/add.jsp,145,0,3,142
2012-05-03 16:46:05,src/main/webapp/WEB-INF/pages/site/index.jsp,22,0,3,19
2012-05-03 16:46:05,src/main/webapp/WEB-INF/pages/site/maintenance.jsp,20,0,3,17
2012-05-03 16:46:05,src/main/webapp/WEB-INF/pages/successful/activation.jsp,20,0,3,17
2012-05-03 16:46:05,src/main/webapp/WEB-INF/pages/successful/registration.jsp,20,0,3,17
2012-05-03 16:46:05,src/main/webapp/WEB-INF/pages/account/activate.jsp,118,0,3,115
2012-05-03 16:46:05,src/main/webapp/WEB-INF/pages/account/auth.jsp,85,0,3,82
2012-05-03 16:46:05,src/main/webapp/WEB-INF/pages/account/register.jsp,73,0,3,70
2012-05-03 16:46:05,src/main/webapp/WEB-INF/pages/country/add.jsp,55,0,3,52
2012-05-03 16:46:05,src/main/webapp/WEB-INF/pages/country/info.jsp,19,0,3,16
2012-05-03 16:46:05,src/main/webapp/WEB-INF/pages/error/404.jsp,25,0,3,22
2012-05-03 16:46:05,src/main/webapp/WEB-INF/pages/password/restore.jsp,17,1,3,13
2012-05-03 16:46:05,src/main/webapp/WEB-INF/pages/series/add.jsp,145,0,3,142
2012-05-03 16:46:05,src/main/webapp/WEB-INF/pages/site/index.jsp,22,0,3,19
2012-05-03 16:46:05,src/main/webapp/WEB-INF/pages/site/maintenance.jsp,20,0,3,17
2012-05-03 16:46:05,src/main/webapp/WEB-INF/pages/successful/activation.jsp,20,0,3,17
2012-05-03 16:46:05,src/main/webapp/WEB-INF/pages/successful/registration.jsp,20,0,3,17
2012-04-26 17:24:03,src/main/webapp/WEB-INF/pages/account/activate.jsp,119,0,3,116
2012-04-26 17:24:03,src/main/webapp/WEB-INF/pages/account/auth.jsp,86,0,3,83
2012-04-26 17:24:03,src/main/webapp/WEB-INF/pages/account/register.jsp,74,0,3,71
2012-04-26 17:24:03,src/main/webapp/WEB-INF/pages/country/add.jsp,56,0,3,53
2012-04-26 17:24:03,src/main/webapp/WEB-INF/pages/country/info.jsp,20,0,3,17
2012-04-26 17:24:03,src/main/webapp/WEB-INF/pages/error/404.jsp,26,0,3,23
2012-04-26 17:24:03,src/main/webapp/WEB-INF/pages/password/restore.jsp,18,1,3,14
2012-04-26 17:24:03,src/main/webapp/WEB-INF/pages/series/add.jsp,146,0,3,143
2012-04-26 17:24:03,src/main/webapp/WEB-INF/pages/site/index.jsp,23,0,3,20
2012-04-26 17:24:03,src/main/webapp/WEB-INF/pages/site/maintenance.jsp,21,0,3,18
2012-04-26 17:24:03,src/main/webapp/WEB-INF/pages/successful/activation.jsp,21,0,3,18
2012-04-26 17:24:03,src/main/webapp/WEB-INF/pages/successful/registration.jsp,21,0,3,18
2012-03-27 16:20:08,src/main/webapp/WEB-INF/pages/series/add.jsp,146,0,3,143
2012-03-27 16:20:02,src/main/webapp/WEB-INF/pages/series/add.jsp,146,0,3,143
2012-01-29 05:25:38,src/main/webapp/WEB-INF/pages/series/add.jsp,146,0,3,143
2012-01-18 13:46:12,src/main/webapp/WEB-INF/pages/series/add.jsp,146,0,3,143
2012-01-18 13:46:12,src/main/webapp/WEB-INF/pages/site/index.jsp,23,0,3,20
2011-12-06 14:09:12,src/main/webapp/WEB-INF/pages/account/activate.jsp,119,0,3,116
2011-10-18 16:21:42,src/main/webapp/WEB-INF/pages/account/activate.jsp,119,0,3,116
2011-10-18 16:21:42,src/main/webapp/WEB-INF/pages/account/auth.jsp,86,0,3,83
2011-10-18 16:21:42,src/main/webapp/WEB-INF/pages/account/register.jsp,74,0,3,71
2011-10-18 16:21:42,src/main/webapp/WEB-INF/pages/country/add.jsp,56,0,3,53
2011-10-18 16:21:42,src/main/webapp/WEB-INF/pages/country/info.jsp,20,0,3,17
2011-10-18 16:21:42,src/main/webapp/WEB-INF/pages/error/404.jsp,26,0,3,23
2011-10-18 16:21:42,src/main/webapp/WEB-INF/pages/password/restore.jsp,18,1,3,14
2011-10-18 16:21:42,src/main/webapp/WEB-INF/pages/site/index.jsp,23,0,3,20
2011-10-18 16:21:42,src/main/webapp/WEB-INF/pages/site/maintenance.jsp,21,0,3,18
2011-10-18 16:21:42,src/main/webapp/WEB-INF/pages/stamps/add.jsp,146,0,3,143
2011-10-18 16:21:42,src/main/webapp/WEB-INF/pages/successful/activation.jsp,21,0,3,18
2011-10-18 16:21:42,src/main/webapp/WEB-INF/pages/successful/registration.jsp,21,0,3,18
2011-10-12 12:37:48,src/main/webapp/WEB-INF/pages/successful/activation.jsp,21,0,3,18
2011-10-12 12:37:48,src/main/webapp/WEB-INF/pages/successful/registration.jsp,21,0,3,18
2011-10-02 09:46:42,src/main/webapp/WEB-INF/pages/country/info.jsp,20,0,3,17
2011-10-02 09:46:42,src/main/webapp/WEB-INF/pages/stamps/add.jsp,146,0,3,143
2011-09-03 10:26:06,src/main/webapp/WEB-INF/pages/account/activate.jsp,119,0,3,116
2011-09-03 10:26:06,src/main/webapp/WEB-INF/pages/account/activation_sent.jsp,21,0,3,18
2011-09-03 10:26:06,src/main/webapp/WEB-INF/pages/account/activation_successful.jsp,21,0,3,18
2011-09-03 10:26:06,src/main/webapp/WEB-INF/pages/account/auth.jsp,86,0,3,83
2011-09-03 10:26:06,src/main/webapp/WEB-INF/pages/account/register.jsp,74,0,3,71
2011-09-03 10:26:06,src/main/webapp/WEB-INF/pages/country/add.jsp,56,0,3,53
2011-09-03 10:26:06,src/main/webapp/WEB-INF/pages/error/404.jsp,26,0,3,23
2011-09-03 10:26:06,src/main/webapp/WEB-INF/pages/password/restore.jsp,18,1,3,14
2011-09-03 10:26:06,src/main/webapp/WEB-INF/pages/site/index.jsp,23,0,3,20
2011-09-03 10:26:06,src/main/webapp/WEB-INF/pages/site/maintenance.jsp,21,0,3,18
2011-09-03 10:26:06,src/main/webapp/WEB-INF/pages/stamps/add.jsp,143,0,3,140
2011-08-03 13:38:20,src/main/webapp/WEB-INF/pages/account/activate.jsp,118,0,3,115
2011-07-02 13:07:23,src/main/webapp/WEB-INF/pages/account/activate.jsp,118,0,3,115
2011-07-02 13:07:23,src/main/webapp/WEB-INF/pages/account/activation_sent.jsp,20,0,3,17
2011-07-02 13:07:23,src/main/webapp/WEB-INF/pages/account/activation_successful.jsp,20,0,3,17
2011-07-02 13:07:23,src/main/webapp/WEB-INF/pages/account/auth.jsp,85,0,3,82
2011-07-02 13:07:23,src/main/webapp/WEB-INF/pages/account/register.jsp,73,0,3,70
2011-07-02 13:07:23,src/main/webapp/WEB-INF/pages/country/add.jsp,55,0,3,52
2011-07-02 13:07:23,src/main/webapp/WEB-INF/pages/error/404.jsp,25,0,3,22
2011-07-02 13:07:23,src/main/webapp/WEB-INF/pages/password/restore.jsp,17,1,3,13
2011-07-02 13:07:23,src/main/webapp/WEB-INF/pages/site/index.jsp,22,0,3,19
2011-07-02 13:07:23,src/main/webapp/WEB-INF/pages/site/maintenance.jsp,20,0,3,17
2011-07-02 13:07:23,src/main/webapp/WEB-INF/pages/stamps/add.jsp,142,0,3,139
2011-03-22 15:25:07,src/main/webapp/WEB-INF/pages/account/activate.jsp,118,0,3,115
2011-03-22 15:25:07,src/main/webapp/WEB-INF/pages/account/auth.jsp,85,0,3,82
2011-03-22 15:25:07,src/main/webapp/WEB-INF/pages/account/register.jsp,73,0,3,70
2011-03-22 15:25:07,src/main/webapp/WEB-INF/pages/country/add.jsp,55,0,3,52
2011-01-01 07:24:18,src/main/webapp/WEB-INF/pages/account/activate.jsp,116,0,3,113
2011-01-01 07:24:18,src/main/webapp/WEB-INF/pages/account/activation_sent.jsp,20,0,3,17
2011-01-01 07:24:18,src/main/webapp/WEB-INF/pages/account/activation_successful.jsp,20,0,3,17
2011-01-01 07:24:18,src/main/webapp/WEB-INF/pages/account/auth.jsp,81,0,3,78
2011-01-01 07:24:18,src/main/webapp/WEB-INF/pages/account/register.jsp,67,0,3,64
2011-01-01 07:24:18,src/main/webapp/WEB-INF/pages/country/add.jsp,53,0,3,50
2011-01-01 07:24:18,src/main/webapp/WEB-INF/pages/error/404.jsp,25,0,3,22
2011-01-01 07:24:18,src/main/webapp/WEB-INF/pages/password/restore.jsp,17,1,3,13
2011-01-01 07:24:18,src/main/webapp/WEB-INF/pages/site/index.jsp,22,0,3,19
2011-01-01 07:24:18,src/main/webapp/WEB-INF/pages/site/maintenance.jsp,20,0,3,17
2011-01-01 07:24:18,src/main/webapp/WEB-INF/pages/stamps/add.jsp,142,0,3,139
2010-11-21 13:33:35,webapp/WEB-INF/pages/error/404.jsp,25,0,3,22
2010-10-11 15:32:33,webapp/WEB-INF/pages/account/activate.jsp,116,0,3,113
2010-10-11 15:32:33,webapp/WEB-INF/pages/account/activation_sent.jsp,20,0,3,17
2010-10-11 15:32:33,webapp/WEB-INF/pages/account/activation_successful.jsp,20,0,3,17
2010-10-11 15:32:33,webapp/WEB-INF/pages/account/auth.jsp,81,0,3,78
2010-10-11 15:32:33,webapp/WEB-INF/pages/account/register.jsp,67,0,3,64
2010-10-11 15:32:33,webapp/WEB-INF/pages/country/add.jsp,53,0,3,50
2010-10-11 15:32:33,webapp/WEB-INF/pages/error/404.jsp,25,0,3,22
2010-10-11 15:32:33,webapp/WEB-INF/pages/password/restore.jsp,17,1,3,13
2010-10-11 15:32:33,webapp/WEB-INF/pages/site/index.jsp,22,0,3,19
2010-10-11 15:32:33,webapp/WEB-INF/pages/site/maintenance.jsp,20,0,3,17
2010-10-11 15:32:33,webapp/WEB-INF/pages/stamps/add.jsp,142,0,3,139
2010-08-15 08:14:50,webapp/404.jsp,45,0,7,38
2010-08-15 07:29:57,webapp/auth_user.jsp,69,0,6,63
2010-08-15 07:06:11,webapp/auth_user.jsp,69,0,6,63
2010-08-15 06:48:16,webapp/register_user.jsp,61,0,6,55
2010-08-14 16:54:52,webapp/404.jsp,42,0,6,36
2010-08-12 14:44:14,webapp/404.jsp,41,0,6,35
2010-08-12 14:44:14,webapp/activate_user.jsp,107,0,6,101
2010-08-12 14:44:14,webapp/activation_sent.jsp,24,0,5,19
2010-08-12 14:44:14,webapp/activation_successful.jsp,27,0,5,22
2010-08-12 14:44:14,webapp/add_country.jsp,43,0,5,38
2010-08-12 14:44:14,webapp/add_stamps.jsp,72,0,6,66
2010-08-12 14:44:14,webapp/auth_user.jsp,68,0,6,62
2010-08-12 14:44:14,webapp/index.jsp,38,0,5,33
2010-08-12 14:44:14,webapp/maintenance.jsp,26,0,5,21
2010-08-12 14:44:14,webapp/register_user.jsp,60,0,6,54
2010-08-12 14:44:14,webapp/restore_password.jsp,21,1,5,15
2010-08-12 14:39:41,404.jsp,41,0,6,35
2010-07-26 13:59:18,webapp/404.jsp,53,0,3,50
2010-07-18 14:42:32,webapp/activate_user.jsp,104,0,6,98
2010-07-18 11:57:23,webapp/404.jsp,41,0,6,35
2010-07-18 11:57:23,webapp/activate_user.jsp,107,0,6,101
2010-07-18 11:57:23,webapp/activation_sent.jsp,24,0,5,19
2010-07-18 11:57:23,webapp/activation_successful.jsp,27,0,5,22
2010-07-18 11:57:23,webapp/add_country.jsp,43,0,5,38
2010-07-18 11:57:23,webapp/add_stamps.jsp,72,0,6,66
2010-07-18 11:57:23,webapp/auth_user.jsp,68,0,6,62
2010-07-18 11:57:23,webapp/index.jsp,38,0,5,33
2010-07-18 11:57:23,webapp/maintenance.jsp,26,0,5,21
2010-07-18 11:57:23,webapp/register_user.jsp,60,0,6,54
2010-07-18 11:57:23,webapp/restore_password.jsp,21,1,5,15
2010-07-11 10:03:31,auth_user.jsp,68,0,6,62
2010-07-11 10:03:31,index.jsp,38,0,5,33
2010-06-27 10:43:44,add_stamps.jsp,72,0,6,66
2010-06-12 06:45:40,activate_user.jsp,107,0,6,101
2010-06-12 06:45:40,activation_sent.jsp,24,0,5,19
2010-06-12 06:45:40,activation_successful.jsp,27,0,5,22
2010-06-12 06:45:40,add_country.jsp,43,0,5,38
2010-06-12 06:45:40,add_stamps.jsp,62,0,6,56
2010-06-12 06:45:40,auth_user.jsp,64,0,6,58
2010-06-12 06:45:40,index.jsp,49,0,5,44
2010-06-12 06:45:40,maintenance.jsp,26,0,5,21
2010-06-12 06:45:40,register_user.jsp,60,0,6,54
2010-06-12 06:45:40,restore_password.jsp,21,1,5,15
2010-05-22 11:34:19,add_stamps.jsp,62,0,6,56
2010-05-22 11:00:53,add_stamps.jsp,63,0,5,58
2010-05-22 11:00:53,auth_user.jsp,64,0,6,58
2010-05-22 11:00:28,add_stamps.jsp,61,0,5,56
2010-05-22 10:56:25,add_country.jsp,43,0,5,38
2010-05-22 10:56:25,index.jsp,49,0,5,44
2010-05-08 13:23:33,activate_user.jsp,107,0,6,101
2010-05-08 11:24:33,activate_user.jsp,105,0,6,99
2010-05-08 08:58:02,activate_user.jsp,102,0,6,96
2010-05-08 06:39:43,activate_user.jsp,100,0,6,94
2010-05-08 06:24:49,activate_user.jsp,97,0,6,91
2010-05-04 14:06:43,activate_user.jsp,93,0,6,87
2010-04-26 11:19:49,activate_user.jsp,91,0,6,85
2010-04-26 11:19:49,activation_successful.jsp,27,0,5,22
2010-04-19 14:14:57,activate_user.jsp,88,0,6,82
2010-04-19 13:55:17,activate_user.jsp,85,0,6,79
2010-04-19 13:55:17,register_user.jsp,60,0,6,54
2010-04-19 13:51:18,activate_user.jsp,85,0,6,79
2010-04-19 13:31:33,activate_user.jsp,82,0,6,76
2010-04-19 13:31:33,auth_user.jsp,62,0,6,56
2010-04-19 13:09:05,activate_user.jsp,83,0,6,77
2010-04-18 14:11:04,activate_user.jsp,83,0,6,77
2010-04-18 11:34:49,register_user.jsp,59,0,6,53
2010-04-18 11:09:55,register_user.jsp,58,0,6,52
2010-04-15 12:07:55,activation_sent.jsp,24,0,5,19
2010-04-15 12:07:55,register_user.jsp,55,0,5,50
2010-04-14 15:49:14,activate_user.jsp,78,0,6,72
2010-04-14 15:49:14,register_user.jsp,53,0,5,48
2010-04-12 12:50:38,auth_user.jsp,62,0,6,56
2010-04-12 12:50:38,index.jsp,44,0,5,39
2010-04-12 12:50:38,register_user.jsp,93,0,6,87
2010-04-12 12:42:27,auth_user.jsp,62,0,6,56
2010-04-12 12:42:27,register_user.jsp,93,0,6,87
2010-04-11 08:39:29,auth_user.jsp,62,0,6,56
2010-04-11 08:32:59,register_user.jsp,93,0,6,87
2010-04-11 08:14:06,auth_user.jsp,59,0,6,53
2010-04-11 08:03:57,register_user.jsp,90,0,6,84
2010-04-10 16:54:17,register_user.jsp,87,0,6,81
2010-04-06 12:23:16,register_user.jsp,88,0,5,83
2010-03-27 07:28:53,auth_user.jsp,55,0,5,50
2010-03-27 07:16:35,register_user.jsp,88,0,5,83
2010-03-27 07:12:03,auth_user.jsp,50,0,5,45
2010-03-27 07:05:08,register_user.jsp,88,0,5,83
2010-03-27 06:39:05,auth_user.jsp,42,0,5,37
2010-03-20 12:56:24,register_user.jsp,79,0,5,74
2010-03-18 13:51:30,auth_user.jsp,42,0,5,37
2010-03-18 13:51:00,auth_user.jsp,40,0,5,35
2010-03-18 13:18:37,register_user.jsp,76,0,5,71
2010-03-18 13:17:44,register_user.jsp,74,0,5,69
2010-03-14 09:02:51,404.jsp,41,0,6,35
2010-03-14 06:12:43,maintenance.jsp,26,0,5,21
2010-03-14 06:12:37,add_stamps.jsp,61,0,5,56
2010-03-14 06:12:37,auth_user.jsp,38,0,5,33
2010-03-14 06:12:37,register_user.jsp,72,0,5,67
2010-03-14 06:12:24,register_user.jsp,72,0,5,67
2010-03-14 05:59:28,auth_user.jsp,38,0,5,33
2010-03-14 05:57:18,add_stamps.jsp,61,0,5,56
2010-03-14 05:57:01,add_stamps.jsp,71,0,5,66
2010-03-14 05:50:24,register_user.jsp,72,0,5,67
2010-03-14 05:45:05,register_user.jsp,109,0,5,104
2010-03-14 05:44:49,auth_user.jsp,38,0,5,33
2010-03-14 05:31:49,auth_user.jsp,43,0,5,38
2010-03-14 05:25:53,404.jsp,40,0,6,34
2010-03-14 05:25:53,add_stamps.jsp,71,0,5,66
2010-03-14 05:25:53,auth_user.jsp,43,0,5,38
2010-03-14 05:25:53,index.jsp,44,0,5,39
2010-03-14 05:25:53,maintenance.jsp,30,0,5,25
2010-03-14 05:25:53,register_user.jsp,109,0,5,104
2010-03-14 05:25:53,restore_password.jsp,21,1,5,15
2010-01-30 12:18:33,auth_user.jsp,54,0,3,51
2010-01-30 12:18:33,register_user.jsp,102,0,3,99
2010-01-30 11:58:19,auth_user.jsp,54,0,3,51
2010-01-30 11:58:19,index.jsp,29,0,3,26
2010-01-30 11:58:19,register_user.jsp,102,0,3,99
2010-01-26 14:14:14,add_stamps.jsp,67,0,3,64
2010-01-26 14:14:14,auth_user.jsp,54,0,3,51
2010-01-26 14:14:14,register_user.jsp,102,0,3,99
2010-01-26 13:58:29,auth_user.jsp,54,0,3,51
2010-01-24 12:13:38,register_user.jsp,102,0,3,99
2010-01-14 16:00:45,404.jsp,37,0,5,32
2010-01-14 15:31:49,404.jsp,36,0,4,32
2010-01-09 20:10:49,maintenance.jsp,26,0,3,23
2010-01-09 19:38:39,add_stamps.jsp,67,0,3,64
2010-01-09 19:38:39,index.jsp,29,0,3,26
2010-01-09 18:14:26,restore_password.jsp,17,1,3,13
2010-01-09 18:06:15,auth_user.jsp,35,0,3,32
2010-01-09 17:43:20,404.jsp,36,0,4,32
2010-01-09 17:28:39,register_user.jsp,63,0,3,60
2010-01-09 17:16:37,index.jsp,29,0,3,26
2010-01-07 12:54:19,404.jsp,30,0,3,27
2010-01-06 16:24:39,404.jsp,30,0,3,27
2010-01-05 15:21:22,404.jsp,30,0,3,27
2010-01-05 15:21:22,add_stamps.jsp,67,0,3,64
2010-01-05 15:21:22,auth_user.jsp,35,0,3,32
2010-01-05 15:21:22,restore_password.jsp,17,1,3,13
2010-01-05 14:56:12,404.jsp,31,0,4,27
2010-01-04 18:16:57,404.jsp,31,0,4,27
2009-12-27 16:17:06,404.jsp,24,0,4,20
2009-12-24 17:37:41,index.jsp,30,0,4,26
2009-12-24 17:37:41,register_user.jsp,56,0,4,52
2009-12-24 17:18:52,index.jsp,24,0,4,20
2009-12-24 17:18:52,register_user.jsp,52,0,4,48
2009-12-24 17:13:38,auth_user.jsp,36,0,4,32
2009-12-24 17:13:38,index.jsp,24,0,4,20
2009-12-24 17:13:38,register.jsp,52,0,4,48
2009-12-24 17:08:07,index.jsp,24,0,4,20
2009-12-24 17:08:07,register.jsp,52,0,4,48
2009-12-24 17:08:07,restore_password.jsp,18,1,4,13
2009-12-20 12:33:52,index.jsp,23,0,4,19
2009-12-20 12:33:52,register.jsp,48,0,4,44
2009-12-20 12:18:47,add_stamps.jsp,68,0,4,64
2009-12-20 12:18:47,auth.jsp,36,0,4,32
2009-12-20 12:18:47,index.jsp,22,0,4,18
2009-12-19 17:11:46,index.jsp,21,0,4,17
2009-12-19 17:03:07,add_stamps.jsp,68,0,4,64
2009-12-17 16:36:30,add_stamps.jsp,60,0,4,56
