2014-02-16 02:20:34,conceptpropose/omod/src/main/webapp/proposals.jsp,22,0,3,19
2014-02-16 02:20:34,conceptreview/omod/src/main/webapp/proposalReview.jsp,21,0,3,18
2014-01-23 13:17:33,conceptpropose/omod/src/main/webapp/proposals.jsp,22,0,3,19
2014-01-23 13:17:33,conceptreview/omod/src/main/webapp/proposalReview.jsp,21,0,3,18
2014-01-21 23:51:15,conceptreview/omod/src/main/webapp/proposalReview.jsp,21,0,3,18
2014-01-21 07:52:20,conceptreview/omod/src/main/webapp/proposalReview.jsp,21,0,3,18
2014-01-21 07:26:15,conceptpropose/omod/src/main/webapp/proposals.jsp,22,0,3,19
2014-01-21 07:26:15,conceptreview/omod/src/main/webapp/proposalReview.jsp,21,0,3,18
2013-12-13 04:03:32,conceptpropose/omod/src/main/webapp/proposals.jsp,22,0,3,19
2013-12-05 14:29:11,conceptreview/omod/src/main/webapp/proposalReview.jsp,21,0,3,18
2013-11-12 08:05:21,conceptpropose/omod/src/main/webapp/proposals.jsp,22,0,3,19
2013-11-03 05:20:53,conceptreview/omod/src/main/webapp/proposalReview.jsp,21,0,3,18
2013-10-30 13:37:49,conceptpropose/omod/src/main/webapp/proposalReview.jsp,21,0,3,18
2013-10-30 13:37:49,conceptpropose/omod/src/main/webapp/proposals.jsp,22,0,3,19
2013-08-27 06:26:08,omod/src/main/webapp/proposalReview.jsp,21,0,3,18
2013-08-27 06:26:08,omod/src/main/webapp/proposals.jsp,22,0,3,19
2013-08-26 05:20:04,omod/src/main/webapp/proposalReview.jsp,21,0,3,18
2013-08-26 05:20:04,omod/src/main/webapp/proposals.jsp,22,0,3,19
2013-08-20 09:15:16,omod/src/main/webapp/proposalReview.jsp,21,0,3,18
2013-08-20 09:15:16,omod/src/main/webapp/proposals.jsp,22,0,3,19
2013-08-20 00:51:36,omod/src/main/webapp/proposalReview.jsp,21,0,3,18
2013-08-20 00:51:36,omod/src/main/webapp/proposals.jsp,22,0,3,19
2013-06-04 09:45:58,omod/src/main/webapp/proposalReview.jsp,21,0,3,18
2013-06-04 09:45:58,omod/src/main/webapp/proposals.jsp,22,0,3,19
2013-05-28 02:41:19,omod/src/main/webapp/proposalReview.jsp,21,0,3,18
2013-05-28 02:41:19,omod/src/main/webapp/proposals.jsp,22,0,3,19
2013-05-27 01:01:10,omod/src/main/webapp/proposalReview.jsp,21,0,3,18
2013-05-27 01:01:10,omod/src/main/webapp/proposals.jsp,22,0,3,19
2013-05-22 11:35:58,omod/src/main/webapp/proposalReview.jsp,39,0,3,36
2013-05-22 11:35:58,omod/src/main/webapp/proposals.jsp,39,0,3,36
2013-05-22 03:11:33,omod/src/main/webapp/proposalReview.jsp,39,0,3,36
2013-05-22 03:11:33,omod/src/main/webapp/proposals.jsp,39,0,3,36
2013-05-22 02:44:24,omod/src/main/webapp/proposalReview.jsp,46,0,3,43
2013-05-22 02:44:24,omod/src/main/webapp/proposals.jsp,46,0,3,43
2013-05-17 05:28:51,omod/src/main/webapp/proposalReview.jsp,43,0,3,40
2013-05-17 05:28:51,omod/src/main/webapp/proposals.jsp,43,0,3,40
2013-05-17 04:11:24,omod/src/main/webapp/proposalReview.jsp,43,0,3,40
2013-05-17 04:11:24,omod/src/main/webapp/proposals.jsp,43,0,3,40
2013-04-30 10:01:42,omod/src/main/webapp/proposalReview.jsp,39,0,3,36
2013-04-30 10:01:42,omod/src/main/webapp/proposals.jsp,39,0,3,36
2013-04-02 08:46:55,omod/src/main/webapp/proposalReview.jsp,47,0,3,44
2013-04-02 08:46:55,omod/src/main/webapp/proposals.jsp,47,0,3,44
2013-03-17 08:11:26,omod/src/main/webapp/proposalReview.jsp,50,0,3,47
2013-03-17 08:11:26,omod/src/main/webapp/proposals.jsp,50,0,3,47
2013-01-16 14:41:14,omod/src/main/webapp/proposalReview.jsp,42,0,3,39
2012-11-14 11:52:36,omod/src/main/webapp/proposals.jsp,42,0,3,39
2012-11-09 13:57:01,omod/src/main/webapp/proposals.jsp,41,0,3,38
2012-11-05 13:07:22,omod/src/main/webapp/proposals.jsp,32,0,3,29
2012-11-04 14:01:48,omod/src/main/webapp/liquibaseTest.jsp,110,91,8,11
2012-11-03 11:11:41,omod/src/main/webapp/proposals.jsp,41,0,3,38
2012-11-01 13:11:15,omod/src/main/webapp/proposals.jsp,40,0,3,37
2012-10-30 11:39:22,omod/src/main/webapp/liquibaseTest.jsp,110,91,8,11
2012-10-26 11:53:58,omod/src/main/webapp/liquibaseTest.jsp,110,91,8,11
2012-10-25 10:03:24,omod/src/main/webapp/liquibaseTest.jsp,105,86,8,11
2012-10-25 07:04:37,omod/src/main/webapp/liquibaseTest.jsp,92,75,6,11
2012-10-17 08:30:23,omod/src/main/webapp/proposals.jsp,39,0,3,36
2012-10-17 08:30:22,omod/src/main/webapp/proposals.jsp,39,0,3,36
2012-10-08 15:59:50,omod/src/main/webapp/proposals.jsp,39,0,3,36
2012-10-07 14:03:46,omod/src/main/webapp/proposals.jsp,32,0,3,29
2012-10-06 15:11:27,omod/src/main/webapp/proposals.jsp,32,0,3,29
2012-10-05 14:31:23,omod/src/main/webapp/conceptList.jsp,19,0,3,16
2012-10-04 13:13:37,omod/src/main/webapp/concepts.jsp,32,0,3,29
2012-09-19 07:32:23,omod/src/main/webapp/conceptCreate.jsp,86,0,3,83
2012-09-19 07:32:23,omod/src/main/webapp/monitor.jsp,11,0,3,8
2012-09-19 07:30:01,omod/src/main/webapp/proposalList.jsp,19,0,3,16
2012-09-18 09:25:51,omod/src/main/webapp/concepts.jsp,233,0,1,232
2012-09-18 09:25:51,omod/src/main/webapp/testharness.jsp,29,0,0,29
2012-09-12 09:30:58,omod/src/main/webapp/conceptCreate.jsp,86,0,3,83
2012-09-12 09:30:58,omod/src/main/webapp/monitor.jsp,11,0,3,8
2012-09-05 10:40:42,omod/src/main/webapp/concepts.jsp,233,0,1,232
2012-09-05 09:55:33,omod/src/main/webapp/testharness.jsp,29,0,0,29
2012-09-05 09:00:54,omod/src/main/webapp/concepts.jsp,274,0,3,271
2012-07-25 13:40:55,omod/src/main/webapp/monitor.jsp,11,0,3,8
2012-07-25 08:58:58,omod/src/main/webapp/monitor.jsp,12,0,3,9
2012-07-19 05:11:57,omod/src/main/webapp/conceptCreate.jsp,86,0,3,83
2012-07-04 08:01:12,omod/src/main/webapp/conceptCreate.jsp,13,0,3,10
2012-06-29 08:20:51,omod/src/main/webapp/conceptList.jsp,19,0,3,16
