2010-12-18 19:31:59,photo/src/main/webapp/WEB-INF/jsp/login.jsp,37,0,2,35,0
2010-09-11 17:08:39,photo/src/main/webapp/WEB-INF/jsp/login.jsp,37,0,2,35,0
2009-04-12 05:03:56,photo/src/main/webapp/WEB-INF/jsp/login.jsp,33,0,2,31,0
2008-05-03 15:41:20,photo/src/main/webapp/WEB-INF/jsp/delete-error.jsp,21,0,2,19,0
2008-05-03 15:41:20,photo/src/main/webapp/WEB-INF/jsp/display-error.jsp,21,0,2,19,0
2008-05-03 15:41:20,photo/src/main/webapp/WEB-INF/jsp/display.jsp,48,0,2,46,0
2008-05-03 15:41:20,photo/src/main/webapp/WEB-INF/jsp/edit-add.jsp,69,0,2,67,0
2008-05-03 15:41:20,photo/src/main/webapp/WEB-INF/jsp/groups.jsp,35,0,2,33,0
2008-05-03 15:41:20,photo/src/main/webapp/WEB-INF/jsp/image-add.jsp,66,0,2,64,0
2008-05-03 15:41:20,photo/src/main/webapp/WEB-INF/jsp/imageGroupAdd.jsp,51,0,3,48,0
2008-05-03 15:41:20,photo/src/main/webapp/WEB-INF/jsp/imageGroupAddSuccess.jsp,25,0,3,22,0
2008-05-03 15:41:20,photo/src/main/webapp/WEB-INF/jsp/imageGroupFrame.jsp,47,0,3,44,0
2008-05-03 15:41:20,photo/src/main/webapp/WEB-INF/jsp/imageUsers.jsp,24,0,3,21,0
2008-05-03 15:41:20,photo/src/main/webapp/WEB-INF/jsp/list.jsp,95,0,2,93,0
2008-05-03 15:41:20,photo/src/main/webapp/WEB-INF/jsp/login.jsp,33,0,2,31,0
2008-05-03 15:41:20,photo/src/main/webapp/WEB-INF/jsp/manifestation.jsp,73,0,2,71,0
2008-05-03 15:41:20,photo/src/main/webapp/WEB-INF/jsp/new-group.jsp,44,0,2,42,0
2006-06-04 00:16:59,web/photo/jsp/login.jsp,33,0,2,31,0
2006-05-26 00:37:41,web/photo/jsp/login.jsp,29,0,2,27,0
2006-04-29 23:55:06,web/photo/jsp/delete-error.jsp,21,0,2,19,0
2006-04-29 23:55:06,web/photo/jsp/display-error.jsp,21,0,2,19,0
2006-04-29 23:55:06,web/photo/jsp/display.jsp,48,0,2,46,0
2006-04-29 23:55:06,web/photo/jsp/edit-add.jsp,69,0,2,67,0
2006-04-29 23:55:06,web/photo/jsp/groups.jsp,35,0,2,33,0
2006-04-29 23:55:06,web/photo/jsp/image-add.jsp,66,0,2,64,0
2006-04-29 23:55:06,web/photo/jsp/imageGroupAdd.jsp,50,0,3,47,0
2006-04-29 23:55:06,web/photo/jsp/imageGroupAddSuccess.jsp,25,0,3,22,0
2006-04-29 23:55:06,web/photo/jsp/imageGroupFrame.jsp,47,0,3,44,0
2006-04-29 23:55:06,web/photo/jsp/imageUsers.jsp,24,0,3,21,0
2006-04-29 23:55:06,web/photo/jsp/list.jsp,95,0,2,93,0
2006-04-29 23:55:06,web/photo/jsp/login.jsp,29,0,2,27,0
2006-04-29 23:55:06,web/photo/jsp/manifestation.jsp,73,0,2,71,0
2006-04-29 23:55:06,web/photo/jsp/new-group.jsp,44,0,2,42,0
2006-04-29 20:33:41,modules/imagestore/jsp/delete-error.jsp,21,0,2,19,0
2006-04-29 20:33:41,modules/imagestore/jsp/display-error.jsp,21,0,2,19,0
2006-04-29 20:33:41,modules/imagestore/jsp/display.jsp,48,0,2,46,0
2006-04-29 20:33:41,modules/imagestore/jsp/edit-add.jsp,69,0,2,67,0
2006-04-29 20:33:41,modules/imagestore/jsp/groups.jsp,35,0,2,33,0
2006-04-29 20:33:41,modules/imagestore/jsp/image-add.jsp,66,0,2,64,0
2006-04-29 20:33:41,modules/imagestore/jsp/imageGroupAdd.jsp,50,0,3,47,0
2006-04-29 20:33:41,modules/imagestore/jsp/imageGroupAddSuccess.jsp,25,0,3,22,0
2006-04-29 20:33:41,modules/imagestore/jsp/imageGroupFrame.jsp,47,0,3,44,0
2006-04-29 20:33:41,modules/imagestore/jsp/imageUsers.jsp,24,0,3,21,0
2006-04-29 20:33:41,modules/imagestore/jsp/list.jsp,95,0,2,93,0
2006-04-29 20:33:41,modules/imagestore/jsp/login.jsp,29,0,2,27,0
2006-04-29 20:33:41,modules/imagestore/jsp/manifestation.jsp,73,0,2,71,0
2006-04-29 20:33:41,modules/imagestore/jsp/new-group.jsp,44,0,2,42,0
2006-01-08 10:51:27,imagestore/jsp/login.jsp,29,0,2,27,0
2005-04-07 12:50:39,imagestore/jsp/imageDisplay.jsp,156,0,3,153,0
2005-04-05 13:13:43,imagestore/jsp/imageDisplay.jsp,154,0,3,151,0
2005-04-05 00:27:40,imagestore/jsp/imageGroupAdd.jsp,50,0,3,47,0
2005-04-05 00:27:40,imagestore/jsp/imageGroupAddSuccess.jsp,25,0,3,22,0
2005-01-18 17:23:42,imagestore/jsp/imageDisplay.jsp,151,0,3,148,0
2005-01-18 04:05:21,imagestore/jsp/imageGroup.jsp,33,0,3,30,0
2005-01-16 20:34:33,imagestore/jsp/imageDisplay.jsp,151,0,3,148,0
2005-01-16 20:34:33,imagestore/jsp/imageGroup.jsp,38,0,3,35,0
2005-01-16 20:34:33,imagestore/jsp/imageGroupFrame.jsp,47,0,3,44,0
2005-01-16 20:34:33,imagestore/jsp/imageGroupList.jsp,30,0,3,27,0
2005-01-16 20:34:33,imagestore/jsp/imageGroupUsers.jsp,35,0,3,32,0
2005-01-15 00:54:05,imagestore/jsp/imageDisplay.jsp,141,0,3,138,0
2005-01-15 00:54:05,imagestore/jsp/imageImportForm.jsp,47,0,4,43,0
2005-01-13 05:48:36,imagestore/jsp/album.jsp,36,0,3,33,0
2005-01-13 05:48:36,imagestore/jsp/imageDisplay.jsp,133,0,3,130,0
2005-01-09 18:44:43,imagestore/jsp/album.jsp,34,0,3,31,0
2005-01-09 18:44:43,imagestore/jsp/imageDisplay.jsp,133,0,3,130,0
2005-01-04 03:48:09,imagestore/jsp/imageDisplay.jsp,102,0,3,99,0
2004-07-27 00:09:15,imagestore/jsp/imageImportForm.jsp,47,0,4,43,0
2004-07-19 02:15:23,imagestore/jsp/albumFrame.jsp,44,0,3,41,0
2004-07-19 02:15:23,imagestore/jsp/albumList.jsp,28,0,3,25,0
2004-07-19 02:15:23,imagestore/jsp/albumUsers.jsp,31,0,3,28,0
2004-07-19 02:15:23,imagestore/jsp/imageDisplay.jsp,101,0,3,98,0
2004-07-19 02:15:23,imagestore/jsp/imageUsers.jsp,24,0,3,21,0
2004-07-19 02:14:25,imagestore/jsp/album.jsp,32,0,3,29,0
2004-07-19 02:14:25,imagestore/jsp/delete-error.jsp,21,0,2,19,0
2004-07-19 02:14:25,imagestore/jsp/display-error.jsp,21,0,2,19,0
2004-07-19 02:14:25,imagestore/jsp/display.jsp,48,0,2,46,0
2004-07-19 02:14:25,imagestore/jsp/edit-add.jsp,69,0,2,67,0
2004-07-19 02:14:25,imagestore/jsp/groups.jsp,35,0,2,33,0
2004-07-19 02:14:25,imagestore/jsp/image-add.jsp,66,0,2,64,0
2004-07-19 02:14:25,imagestore/jsp/imageImportForm.jsp,27,0,3,24,0
2004-07-19 02:14:25,imagestore/jsp/imageImportSuccess.jsp,22,0,3,19,0
2004-07-19 02:14:25,imagestore/jsp/list.jsp,95,0,2,93,0
2004-07-19 02:14:25,imagestore/jsp/login.jsp,29,0,2,27,0
2004-07-19 02:14:25,imagestore/jsp/manifestation.jsp,73,0,2,71,0
2004-07-19 02:14:25,imagestore/jsp/new-group.jsp,44,0,2,42,0
2004-07-19 02:14:25,imagestore/web/albumFrame.jsp,44,0,3,41,0
2004-07-19 02:14:25,imagestore/web/albumList.jsp,28,0,3,25,0
2004-07-19 02:14:25,imagestore/web/albumUsers.jsp,31,0,3,28,0
2004-07-19 02:14:25,imagestore/web/imageDisplay.jsp,101,0,3,98,0
2004-07-19 02:14:25,imagestore/web/imageUsers.jsp,24,0,3,21,0
2004-07-18 03:09:29,imagestore/web/image-display.jsp,101,0,3,98,0
2004-07-06 12:57:50,imagestore/web/album-users.jsp,31,0,3,28,0
2004-07-06 12:57:50,imagestore/web/album.jsp,32,0,3,29,0
2004-07-06 12:57:50,imagestore/web/image-display.jsp,95,0,3,92,0
2004-06-30 12:22:11,imagestore/web/album-frame.jsp,44,0,3,41,0
2004-06-30 12:22:11,imagestore/web/album-list.jsp,28,0,3,25,0
2004-06-30 12:22:11,imagestore/web/album-users.jsp,29,0,3,26,0
2004-06-30 12:22:11,imagestore/web/album.jsp,32,0,3,29,0
2004-06-30 12:22:11,imagestore/web/delete-error.jsp,21,0,2,19,0
2004-06-30 12:22:11,imagestore/web/display-error.jsp,21,0,2,19,0
2004-06-30 12:22:11,imagestore/web/display.jsp,48,0,2,46,0
2004-06-30 12:22:11,imagestore/web/edit-add.jsp,69,0,2,67,0
2004-06-30 12:22:11,imagestore/web/groups.jsp,35,0,2,33,0
2004-06-30 12:22:11,imagestore/web/image-add.jsp,66,0,2,64,0
2004-06-30 12:22:11,imagestore/web/image-display.jsp,88,0,3,85,0
2004-06-30 12:22:11,imagestore/web/image-users.jsp,24,0,3,21,0
2004-06-30 12:22:11,imagestore/web/list.jsp,95,0,2,93,0
2004-06-30 12:22:11,imagestore/web/login.jsp,29,0,2,27,0
2004-06-30 12:22:11,imagestore/web/manifestation.jsp,73,0,2,71,0
2004-06-30 12:22:11,imagestore/web/new-group.jsp,44,0,2,42,0
2004-06-29 13:06:33,imagestore/web/album-frame.jsp,44,0,3,41,0
2004-06-29 13:06:33,imagestore/web/album-list.jsp,28,0,3,25,0
2004-06-29 13:06:33,imagestore/web/album-users.jsp,29,0,3,26,0
2004-06-29 13:06:33,imagestore/web/album.jsp,31,0,3,28,0
2004-06-29 13:06:33,imagestore/web/display.jsp,48,0,2,46,0
2004-06-29 13:06:33,imagestore/web/edit-add.jsp,69,0,2,67,0
2004-06-29 13:06:33,imagestore/web/list.jsp,95,0,2,93,0
2004-06-29 13:06:33,imagestore/web/manifestation.jsp,73,0,2,71,0
2004-06-01 00:33:36,imagestore/web/groups.jsp,35,0,2,33,0
2004-06-01 00:33:36,imagestore/web/login.jsp,29,0,2,27,0
2004-06-01 00:33:36,imagestore/web/new-group.jsp,44,0,2,42,0
2004-03-14 19:36:27,imagestore/web/list.jsp,95,0,2,93,0
2004-03-14 19:36:27,imagestore/web/manifestation.jsp,73,0,2,71,0
2004-03-12 01:12:35,imagestore/web/delete-error.jsp,21,0,2,19,0
2004-03-12 01:12:35,imagestore/web/display.jsp,48,0,2,46,0
2004-03-12 01:12:35,imagestore/web/edit-add.jsp,69,0,2,67,0
2004-03-12 01:12:35,imagestore/web/list.jsp,63,0,2,61,0
2004-03-09 20:11:35,imagestore/web/list.jsp,52,0,2,50,0
2004-03-09 20:11:07,imagestore/web/edit-add.jsp,66,0,2,64,0
2004-03-08 20:29:53,imagestore/web/edit-add.jsp,65,0,2,63,0
2004-03-08 01:02:41,imagestore/web/display-error.jsp,21,0,2,19,0
2004-03-08 01:02:41,imagestore/web/display.jsp,47,0,2,45,0
2004-03-08 01:02:41,imagestore/web/edit-add.jsp,65,0,2,63,0
